customer_id,age,annual_income,tenure_months,monthly_spend,orders_last_12_months,satisfaction_score,complaints_last_year,support_calls,discount_pct,region,customer_segment,payment_method,monthly_income,spending_ratio,orders_per_tenure_month
CUST10001,44,118745.04,16,100.58,11,8.3,2,4,7.3,Port Harcourt,Professional,Bank Transfer,9895.42,1.0164298230898738,0.7006369426751593
CUST10002,36,91458.17,2,40.52,9,5.3,1,3,2.6,Kano,Professional,Cash,7621.514166666667,0.5316528856853358,4.5
CUST10003,46,56833.72,13,77.04,7,7.4,1,2,1.3,Lagos,Professional,Bank Transfer,4736.143333333333,1.6266399595169911,0.5426356589147286
CUST10004,56,38533.11,4,92.81,7,6.4,1,4,14.7,Lagos,Business,Bank Transfer,3211.0925,2.8902935683104736,2.0
CUST10005,35,80749.84,50,87.41999999999999,10,5.1,0,3,6.4,Lagos,Family,Cash,6729.153333333333,1.2991233171483683,0.20202020202020202
CUST10006,35,68289.1,88,151.77500000000003,8,8.5,3,4,11.2,Abuja,Professional,Card,5690.758333333334,2.6670434959605562,0.0903954802259887
CUST10007,57,89989.18,2,93.93,8,8.3,2,2,21.5,Kano,Family,Card,7499.098333333332,1.2525505844147042,3.4782608695652177
CUST10008,47,77997.57,91,67.35,7,4.6,3,3,14.3,Kano,Business,USSD,6499.797500000001,1.0361861273370438,0.07713498622589532
CUST10009,32,97962.74,22,84.39,6,7.9,0,3,8.9,Port Harcourt,Student,Cash,8163.561666666667,1.0337399709318054,0.2702702702702703
CUST10010,45,40974.66,11,41.45,4,7.6,3,4,4.9,Lagos,Professional,Card,3414.5550000000003,1.2139209940973275,0.3738317757009346
CUST10011,32,113511.02,2,83.18,8,8.5,2,2,14.6,Lagos,Business,Bank Transfer,9459.251666666667,0.8793507449761265,3.3333333333333335
CUST10012,32,61314.29,21,65.84,9,7.3,2,4,11.2,Lagos,Business,Bank Transfer,5109.524166666667,1.2885740012646318,0.43269230769230765
CUST10013,41,57402.75,48,111.68,10,9.6,1,2,15.5,Lagos,Student,Bank Transfer,4783.5625,2.3346616669062024,0.21052631578947367
CUST10014,18,37648.0,37,74.21,13,6.8,2,3,0.0,Lagos,Student,USSD,3137.3333333333335,2.365384615384615,0.3532608695652174
CUST10015,18,139944.62624999997,2,87.41999999999999,11,6.5,3,4,18.8,Abuja,Professional,Card,11662.052187499998,0.7496107768553922,7.333333333333333
CUST10016,31,61324.79,2,69.29,8,5.2,1,4,1.7,Lagos,Student,Cash,5110.399166666667,1.3558627758855757,3.4782608695652177
CUST10017,26,38438.26,16,129.71,11,5.3,0,4,9.1,Kano,Family,Card,3203.1883333333335,4.0494028605873424,0.7096774193548387
CUST10018,42,42148.37,10,77.81,1,5.2,1,2,20.3,Kano,Student,Cash,3512.3641666666667,2.2153169861610307,0.09523809523809523
CUST10019,27,46115.18,8,131.45,14,7.4,4,0,0.0,Port Harcourt,Student,Cash,3842.931666666667,3.420565635870878,1.7721518987341771
CUST10020,21,69451.21,10,106.15,10,6.5,4,3,11.5,Lagos,Professional,Card,5787.600833333334,1.8340933152928507,1.0101010101010102
CUST10021,56,73324.35,49,100.96,9,7.6,3,2,10.4,Ibadan,Business,Bank Transfer,6110.3625,1.6522751309762718,0.18442622950819673
CUST10022,35,40116.92,79,100.57,10,4.8,2,3,11.8,Ibadan,Professional,Bank Transfer,3343.0766666666664,3.0083067194590214,0.12594458438287154
CUST10023,39,54268.19,16,96.09,6,5.5,1,1,14.1,Lagos,Professional,Cash,4522.349166666667,2.1247806495849595,0.38461538461538464
CUST10024,21,139944.62624999997,71,42.49,12,5.4,1,3,12.1,Kano,Business,Bank Transfer,11662.052187499998,0.3643441078538735,0.16901408450704225
CUST10025,31,139944.62624999997,12,78.96,6,10.0,2,3,4.0,Ibadan,Family,USSD,11662.052187499998,0.6770677984500316,0.5172413793103449
CUST10026,39,69917.17,19,107.68,11,6.7,1,2,12.6,Port Harcourt,Professional,USSD,5826.430833333333,1.8481297226418063,0.5670103092783506
CUST10027,24,56161.7,8,84.39,7,6.9,0,0,11.9,Abuja,Professional,Cash,4680.141666666666,1.8031505456565597,0.9090909090909091
CUST10028,43,58753.48,31,52.33,7,6.9,0,5,11.6,Abuja,Professional,Bank Transfer,4896.123333333334,1.068804775478831,0.22801302931596093
CUST10029,31,77074.16,91,92.96,7,9.8,2,4,24.5,Abuja,Professional,Cash,6422.846666666667,1.447333321569771,0.07713498622589532
CUST10030,34,31336.93,28,129.82,3,4.1,0,2,20.0,Abuja,Professional,USSD,2611.4108333333334,4.971259150146488,0.1079136690647482
CUST10031,31,47740.31,13,117.24,5,6.9,2,2,23.0,Ibadan,Professional,USSD,3978.3591666666666,2.9469435787073857,0.37593984962406013
CUST10032,60,57402.75,31,85.95,7,4.1,2,2,14.1,Kano,Student,USSD,4783.5625,1.7967780289271855,0.22364217252396165
CUST10033,38,68504.94,4,109.1,14,6.942268041237114,1,2,22.7,Lagos,Professional,Card,5708.745,1.911103053298054,3.58974358974359
CUST10034,25,57402.75,66,81.11,9,5.7,0,5,6.9,Port Harcourt,Professional,USSD,4783.5625,1.6955982074029554,0.13657056145675264
CUST10035,48,57402.75,21,87.41999999999999,4,7.7,0,6,9.8,Port Harcourt,Student,Bank Transfer,4783.5625,1.8275082639769,0.19047619047619047
CUST10036,23,130715.85,18,63.32,12,5.6,2,3,8.5,Lagos,Student,Card,10892.987500000001,0.5812914042176216,0.670391061452514
CUST10037,41,28026.82,26,126.19,9,7.7,2,3,9.0,Abuja,Business,USSD,2335.568333333333,5.402967586047936,0.34090909090909094
CUST10038,18,24579.85,29,80.5,5,7.2,0,1,12.2,Ibadan,Family,Bank Transfer,2048.320833333333,3.930048393297762,0.17006802721088435
CUST10039,22,62226.55,2,79.09,5,6.7,2,2,13.2,Port Harcourt,Student,USSD,5185.545833333334,1.5252010596762957,2.2727272727272725
CUST10040,40,97830.58,34,80.26,7,9.3,1,4,14.6,Lagos,Family,Bank Transfer,8152.548333333333,0.9844774507112195,0.20348837209302326
CUST10041,47,138863.77,8,133.27,13,5.9,1,3,22.5,Lagos,Student,Bank Transfer,11571.980833333333,1.1516610848171558,1.5662650602409638
CUST10042,40,42731.95,38,128.65,10,7.7,2,2,2.9,Abuja,Family,USSD,3560.995833333333,3.612753454967536,0.26666666666666666
CUST10043,37,99544.79,52,144.62,10,3.8,2,3,4.8,Port Harcourt,Family,USSD,8295.399166666666,1.7433760219896997,0.1926782273603083
CUST10044,34,53847.37,49,84.93,5,7.2,1,0,0.0,Abuja,Family,Card,4487.280833333333,1.8926829666889955,0.10224948875255624
CUST10045,20,50018.26,24,94.32,7,6.5,1,2,6.9,Port Harcourt,Family,USSD,4168.1883333333335,2.2628536058631386,0.2904564315352697
CUST10046,29,89420.16,22,48.85,5,4.9,2,1,9.3,Lagos,Student,Bank Transfer,7451.68,0.6555568677130527,0.22727272727272727
CUST10047,32,78736.81,5,122.29,11,7.7,0,3,7.8,Lagos,Family,Cash,6561.400833333333,1.8637788348296054,2.3913043478260874
CUST10048,51,23111.2,45,59.39,7,5.7,3,4,5.2,Port Harcourt,Student,Card,1925.9333333333334,3.083699678078161,0.15625
CUST10049,42,123894.5,10,91.18,9,10.0,3,5,12.5,Lagos,Professional,Bank Transfer,10324.541666666666,0.8831384766878272,0.9473684210526315
CUST10050,18,117493.55,21,59.22,7,2.6,1,1,9.7,Ibadan,Business,Bank Transfer,9791.129166666668,0.6048332014821239,0.3398058252427184
CUST10051,38,57402.75,10,71.08,8,7.4,4,6,6.7,Lagos,Professional,Cash,4783.5625,1.4859218417236106,0.8
CUST10052,33,68376.22,4,64.41,6,7.1,0,1,12.9,Port Harcourt,Business,USSD,5698.018333333333,1.130392993353537,1.3953488372093024
CUST10053,30,72171.83,30,72.19,2,6.5,0,1,8.6,Abuja,Student,Bank Transfer,6014.319166666667,1.2003021123338564,0.06711409395973154
CUST10054,38,63478.66,2,71.66,6,6.0,3,1,18.9,Abuja,Professional,Cash,5289.888333333333,1.3546599754941266,3.5294117647058822
CUST10055,50,40636.45,41,74.61,6,7.1,1,2,11.0,Kano,Student,Cash,3386.370833333333,2.2032436396387975,0.14492753623188406
CUST10056,49,38013.46,12,106.75,12,8.9,1,5,9.9,Abuja,Family,USSD,3167.7883333333334,3.3698589920517628,1.0434782608695652
CUST10057,28,54232.4,1,87.41999999999999,5,4.0,2,3,13.6,Kano,Student,Cash,4519.366666666667,1.9343418325576587,5.0
CUST10058,34,104829.39,22,92.23,5,5.5,4,3,0.0,Abuja,Student,Cash,8735.7825,1.0557726225441166,0.23255813953488372
CUST10059,42,74166.55,1,115.56,6,5.1,0,5,19.3,Port Harcourt,Professional,Cash,6180.545833333334,1.8697377726212154,4.285714285714286
CUST10060,50,44857.7,10,72.95,6,5.0,1,4,16.7,Kano,Family,Cash,3738.1416666666664,1.9515044239896386,0.6185567010309279
CUST10061,32,84079.89,37,70.0,9,7.6,1,2,7.2,Port Harcourt,Student,Cash,7006.6575,0.999049832248829,0.24456521739130438
CUST10062,36,11480.33,2,79.39,12,8.1,0,1,5.2,Port Harcourt,Business,Cash,956.6941666666667,8.298367729847488,6.315789473684211
CUST10063,25,103456.82,55,118.88,10,8.9,1,2,5.9,Kano,Student,Bank Transfer,8621.401666666667,1.3788941125389316,0.18214936247723135
CUST10064,24,21125.71,1,89.93,5,8.1,4,4,3.5,Ibadan,Student,Card,1760.4758333333332,5.1082780176382245,5.0
CUST10065,48,45059.81,8,72.4,10,8.2,4,2,1.8,Abuja,Professional,USSD,3754.9841666666666,1.9281040022139464,1.1764705882352942
CUST10066,54,29710.92,40,100.34,12,4.5,2,3,3.3,Port Harcourt,Business,Card,2475.91,4.052651348393117,0.2962962962962963
CUST10067,37,26984.39,11,58.36,4,9.7,0,4,0.0,Lagos,Student,USSD,2248.6991666666668,2.5952782330821633,0.3508771929824561
CUST10068,50,104145.39,3,102.29,8,6.6,1,5,9.8,Abuja,Student,Card,8678.7825,1.178621540521381,2.5
CUST10069,42,42525.23,13,96.29,8,8.9,0,0,11.2,Abuja,Family,USSD,3543.769166666667,2.7171634345069973,0.5970149253731343
CUST10070,30,66547.12,10,78.06,7,4.5,0,5,19.7,Ibadan,Professional,Cash,5545.593333333333,1.4076041157002739,0.7368421052631579
CUST10071,42,53598.81,56,68.47,6,6.6,1,7,17.9,Abuja,Family,Card,4466.5675,1.5329444814166582,0.10810810810810811
CUST10072,56,71500.59,11,63.74,6,8.7,2,3,7.6,Kano,Professional,Card,5958.3825,1.0697534104264035,0.5309734513274336
CUST10073,38,57373.65,47,102.1,8,7.1,2,3,10.5,Lagos,Professional,USSD,4781.1375,2.13547508307385,0.17130620985010706
CUST10074,57,27158.43,67,121.06,9,6.942268041237114,4,2,18.6,Abuja,Professional,USSD,2263.2025,5.349057364508921,0.13493253373313344
CUST10075,18,95133.38,17,70.43,11,9.4,4,5,9.3,Ibadan,Professional,Bank Transfer,7927.781666666667,0.8883947989654105,0.6432748538011696
CUST10076,48,41920.17,72,102.24,11,4.9,3,2,13.0,Lagos,Family,Cash,3493.3475,2.9267056884549847,0.1523545706371191
CUST10077,39,23364.39,14,33.96,6,7.0,2,5,8.4,Lagos,Family,Cash,1947.0325,1.744192765143879,0.4225352112676057
CUST10078,34,43461.25,91,78.37,8,8.2,3,2,12.2,Abuja,Professional,Bank Transfer,3621.7708333333335,2.1638586096810375,0.0881542699724518
CUST10079,39,125555.9,3,84.45,10,10.0,1,1,12.5,Kano,Business,USSD,10462.991666666667,0.8071305291109379,3.5714285714285716
CUST10080,18,87790.66,35,65.05,6,6.2,1,3,9.9,Abuja,Professional,Cash,7315.888333333333,0.8891606464742376,0.1724137931034483
CUST10081,35,45402.83,20,87.41999999999999,7,6.5,3,3,18.4,Abuja,Professional,USSD,3783.5691666666667,2.310516767346881,0.3431372549019608
CUST10082,42,45387.71,15,69.48,6,6.2,2,2,6.8,Port Harcourt,Family,Cash,3782.3091666666664,1.836973048430952,0.40816326530612246
CUST10083,56,46082.53,30,94.71,8,7.4,0,5,12.7,Lagos,Family,Card,3840.210833333333,2.4662708405983786,0.26666666666666666
CUST10084,32,139944.62624999997,36,83.24,8,8.1,0,2,22.7,Kano,Student,Card,11662.052187499998,0.7137680286598358,0.2191780821917808
CUST10085,28,67856.67,1,29.12,13,9.0,1,7,13.9,Lagos,Family,Cash,5654.7225,0.5149677990387681,13.0
CUST10086,32,69676.01,6,87.41999999999999,5,8.4,1,4,7.2,Abuja,Professional,Cash,5806.3341666666665,1.5055971201565643,0.9090909090909091
CUST10087,49,96930.0,38,72.82,9,6.1,3,6,14.1,Port Harcourt,Family,Cash,8077.5,0.9015165583410707,0.24
CUST10088,42,62719.18,33,99.08,8,8.5,1,4,26.6,Ibadan,Business,Bank Transfer,5226.598333333333,1.895688049492994,0.24316109422492402
CUST10089,32,47696.59,91,24.43,11,7.2,2,1,12.2,Kano,Family,Cash,3974.715833333333,0.6146351342936676,0.12121212121212122
CUST10090,44,49369.89,43,75.94,7,8.3,2,6,16.8,Kano,Student,Bank Transfer,4114.1575,1.8458214105804165,0.16317016317016317
CUST10091,39,52876.16,90,79.07,8,8.4,3,5,12.0,Abuja,Family,Bank Transfer,4406.346666666667,1.7944570861424123,0.08859357696567
CUST10092,50,53885.47,36,122.62,4,9.9,1,7,13.7,Lagos,Family,Card,4490.455833333333,2.73068045987165,0.10989010989010989
CUST10093,30,82066.46,11,76.22,7,6.4,1,2,11.5,Lagos,Professional,Cash,6838.871666666667,1.114511336299872,0.6603773584905661
CUST10094,34,56594.03,3,94.84,8,6.0,0,2,5.9,Ibadan,Professional,Card,4716.169166666667,2.0109541589457405,2.4242424242424243
CUST10095,33,82292.93,46,92.19,12,7.8,2,5,14.2,Ibadan,Business,Card,6857.744166666666,1.3443196153059565,0.26258205689277897
CUST10096,20,52611.73,31,34.22,8,9.1,0,4,4.7,Ibadan,Professional,Bank Transfer,4384.310833333334,0.7805103538697548,0.25806451612903225
CUST10097,42,57430.9,2,104.32,7,7.1,3,4,10.1,Lagos,Professional,USSD,4785.908333333334,2.179732513333414,4.666666666666667
CUST10098,41,18326.04,13,91.46,9,9.2,1,5,23.5,Port Harcourt,Professional,Bank Transfer,1527.17,5.988855202760661,0.6716417910447761
CUST10099,38,91041.31,91,87.41999999999999,9,8.2,0,3,11.6,Port Harcourt,Family,Card,7586.775833333333,1.152268129709469,0.09917355371900827
CUST10100,35,66546.56,21,151.77500000000003,10,6.6,3,3,6.5,Kano,Business,Bank Transfer,5545.546666666666,2.736880764385117,0.4807692307692307
CUST10101,21,95224.64,17,87.41999999999999,4,8.0,3,6,13.4,Port Harcourt,Family,Bank Transfer,7935.386666666666,1.1016476407786893,0.23529411764705882
CUST10102,33,11182.98,18,129.59,5,6.2,2,2,8.7,Kano,Professional,Bank Transfer,931.915,13.905774668290563,0.27173913043478265
CUST10103,34,139944.62624999997,7,78.38,10,7.4,0,3,12.7,Abuja,Family,Cash,11662.052187499998,0.6720944027673947,1.4285714285714286
CUST10104,28,57402.75,14,93.29,13,5.1,0,3,4.9,Lagos,Family,Bank Transfer,4783.5625,1.950220154957733,0.9420289855072463
CUST10105,36,57402.75,14,84.97,13,6.9,1,2,16.7,Lagos,Family,Card,4783.5625,1.776291205560709,0.935251798561151
CUST10106,43,31043.36,2,74.52,7,8.8,2,1,12.7,Lagos,Student,Bank Transfer,2586.9466666666667,2.880616015792105,4.375
CUST10107,61,77042.62,44,74.26,8,6.942268041237114,1,1,6.0,Abuja,Family,Cash,6420.218333333333,1.1566584833174158,0.18264840182648404
CUST10108,40,30813.55,16,94.53,6,8.1,2,2,14.2,Lagos,Professional,Card,2567.795833333333,3.6813674503586897,0.3703703703703704
CUST10109,41,57402.75,52,51.22,10,7.5,0,2,23.6,Abuja,Student,Bank Transfer,4783.5625,1.0707500947254267,0.19305019305019305
CUST10110,37,139944.62624999997,57,108.32,8,7.3,4,1,7.2,Port Harcourt,Family,Card,11662.052187499998,0.9288245178331742,0.14035087719298245
CUST10111,18,49524.02,7,75.17,5,4.7,2,0,16.5,Ibadan,Business,Cash,4127.001666666666,1.8214191820453998,0.7042253521126761
CUST10112,38,61986.79,32,59.32,10,6.6,1,2,14.5,Ibadan,Professional,USSD,5165.565833333333,1.1483737099469098,0.3115264797507788
CUST10113,39,88754.17,19,75.28,13,7.3,1,7,14.4,Lagos,Business,Cash,7396.180833333333,1.017822599208578,0.6770833333333334
CUST10114,68,72237.42,64,87.41999999999999,3,5.0,1,4,17.4,Lagos,Student,Cash,6019.785,1.452211333129007,0.04716981132075471
CUST10115,36,59743.69,7,72.2,10,3.8,2,3,10.3,Lagos,Family,Card,4978.640833333334,1.450194991303684,1.36986301369863
CUST10116,38,67226.11,34,96.68,1,9.0,2,4,12.9,Ibadan,Student,Card,5602.175833333334,1.7257580425224663,0.029411764705882353
CUST10117,38,139944.62624999997,28,68.97,5,7.1,3,4,12.6,Port Harcourt,Professional,USSD,11662.052187499998,0.5914053452266804,0.1779359430604982
CUST10118,24,53284.36,10,104.79,10,7.4,0,1,6.9,Lagos,Family,USSD,4440.363333333334,2.3599420167568868,0.9523809523809523
CUST10119,52,61432.42,4,102.49,13,8.0,1,6,14.8,Ibadan,Family,USSD,5119.368333333333,2.002004804629217,2.954545454545454
CUST10120,47,98022.11,32,133.75,11,5.2,2,2,9.8,Abuja,Family,Cash,8168.509166666667,1.6373856877800326,0.3481012658227848
CUST10121,47,139944.62624999997,40,83.83,6,6.3,1,1,23.0,Ibadan,Family,Cash,11662.052187499998,0.7188271725438977,0.14888337468982632
CUST10122,27,105657.2,11,102.63,9,9.7,2,7,9.0,Lagos,Family,USSD,8804.766666666666,1.165618623245742,0.7894736842105263
CUST10123,55,78150.37,31,89.94,11,6.1,2,3,4.1,Abuja,Business,USSD,6512.530833333333,1.3810299298646955,0.35369774919614144
CUST10124,21,29332.04,15,118.6,8,6.5,1,3,18.7,Abuja,Professional,USSD,2444.3366666666666,4.852032112324952,0.5298013245033113
CUST10125,45,135060.19,38,70.03,6,5.8,1,5,7.5,Ibadan,Professional,Bank Transfer,11255.015833333333,0.6222114747506279,0.16
CUST10126,38,29278.2,7,104.16,4,5.7,1,2,4.7,Ibadan,Student,Bank Transfer,2439.85,4.269114904604791,0.5970149253731343
CUST10127,26,57402.75,66,85.43,10,9.0,1,2,14.3,Port Harcourt,Professional,USSD,4783.5625,1.7859074695898716,0.1508295625942685
CUST10128,31,36324.1,10,84.21,13,2.5,4,1,20.0,Lagos,Family,Cash,3027.008333333333,2.7819546802260757,1.2745098039215688
CUST10129,39,53093.64,14,88.39,6,6.2,2,3,16.4,Abuja,Student,Card,4424.47,1.9977534032324773,0.43478260869565216
CUST10130,32,65900.93,2,91.45,6,7.4,3,2,8.6,Ibadan,Student,Cash,5491.744166666666,1.665226879195787,3.333333333333333
CUST10131,19,65633.07,4,82.38,8,10.0,0,7,12.8,Port Harcourt,Student,Card,5469.422500000001,1.5061919242845105,2.2857142857142856
CUST10132,39,69365.5,22,92.11,8,5.0,1,0,10.3,Kano,Family,USSD,5780.458333333333,1.5934722592643318,0.36697247706422015
CUST10133,25,133603.22,9,125.2,10,4.6,1,5,22.0,Abuja,Professional,Bank Transfer,11133.601666666667,1.1245237951600267,1.075268817204301
CUST10134,44,70582.13,54,113.97,7,5.5,1,1,9.4,Port Harcourt,Student,Bank Transfer,5881.844166666667,1.9376575912344953,0.12939001848428835
CUST10135,27,48088.69,1,106.81,8,8.3,2,4,12.6,Abuja,Family,Card,4007.3908333333334,2.665325256312867,8.0
CUST10136,57,93464.45,14,74.76,8,7.2,1,2,13.0,Kano,Family,USSD,7788.704166666666,0.9598515799322631,0.5594405594405594
CUST10137,29,105799.09,12,63.76,13,4.4,1,4,5.0,Ibadan,Professional,Bank Transfer,8816.590833333334,0.7231820235882935,1.056910569105691
CUST10138,34,27998.44,1,108.96,8,6.942268041237114,1,4,10.8,Abuja,Family,USSD,2333.2033333333334,4.669974470006186,8.0
CUST10139,48,76393.93,4,107.22,6,9.8,2,3,10.9,Abuja,Student,USSD,6366.160833333332,1.684217581161226,1.5
CUST10140,23,80880.94,16,123.1,9,7.5,1,2,20.3,Abuja,Business,Card,6740.078333333334,1.8263882689790696,0.5625
CUST10141,41,46696.69,20,71.53,6,7.3,2,1,13.2,Lagos,Professional,USSD,3891.3908333333334,1.8381602636075491,0.29411764705882354
CUST10142,54,117210.55,16,80.5,7,7.4,2,2,9.7,Ibadan,Business,USSD,9767.545833333334,0.8241578936367076,0.45161290322580644
CUST10143,19,50643.08,23,151.77500000000003,6,7.7,2,1,11.1,Lagos,Business,Card,4220.256666666667,3.5963452459842498,0.2643171806167401
CUST10144,40,58932.94,27,77.36,12,4.7,4,2,11.6,Kano,Family,Bank Transfer,4911.078333333334,1.5752141332164997,0.44280442804428044
CUST10145,41,50006.03,1,109.99,4,6.6,1,1,11.8,Kano,Student,Cash,4167.169166666667,2.63944168333299,4.0
CUST10146,47,55473.29,19,74.83,7,6.7,2,1,17.6,Kano,Family,USSD,4622.774166666667,1.6187249755693234,0.37433155080213903
CUST10147,23,30095.69,91,108.96,6,6.1,1,3,17.9,Ibadan,Student,Card,2507.9741666666664,4.344542358058579,0.06611570247933884
CUST10148,22,24910.89,22,81.99,10,8.2,3,1,6.1,Port Harcourt,Business,Bank Transfer,2075.9075,3.9495979469220086,0.45454545454545453
CUST10149,44,132199.34,34,95.82,3,5.9,1,3,18.4,Ibadan,Family,USSD,11016.611666666666,0.8697774134122002,0.08823529411764706
CUST10150,42,34518.81,11,57.2,7,6.4,4,2,16.5,Lagos,Business,Cash,2876.5674999999997,1.988481062933514,0.625
CUST10151,41,31882.82,45,90.7,6,4.7,0,3,11.7,Port Harcourt,Family,Bank Transfer,2656.9016666666666,3.413750728448738,0.13452914798206278
CUST10152,42,16826.73,44,22.434999999999988,7,7.7,2,2,3.2,Kano,Professional,Card,1402.2275,1.5999543583334366,0.15730337078651685
CUST10153,30,38702.5,22,82.1,5,8.7,0,4,13.3,Lagos,Professional,USSD,3225.2083333333335,2.5455719914734187,0.2262443438914027
CUST10154,41,26566.04,91,53.19,10,6.4,2,1,9.9,Kano,Professional,Card,2213.8366666666666,2.4026162725042948,0.11019283746556474
CUST10155,42,135699.32,4,115.47,8,8.5,2,3,15.3,Kano,Professional,Cash,11308.276666666667,1.021110496353261,2.0
CUST10156,29,95845.03,1,104.52,6,6.7,0,3,15.9,Ibadan,Family,Cash,7987.0858333333335,1.308612454918111,6.0
CUST10157,60,37669.49,44,100.2,7,2.5,3,4,19.9,Lagos,Business,Card,3139.1241666666665,3.1919731326333327,0.15873015873015872
CUST10158,44,139944.62624999997,49,126.98,6,6.9,4,4,5.6,Port Harcourt,Family,USSD,11662.052187499998,1.0888306616918064,0.12145748987854252
CUST10159,24,94377.64,4,61.58,14,6.7,1,4,24.8,Lagos,Business,Card,7864.803333333333,0.7829820707531996,3.68421052631579
CUST10160,46,46001.59,9,129.42,9,6.942268041237114,2,3,17.4,Kano,Business,Bank Transfer,3833.465833333333,3.3760572188917815,0.9677419354838709
CUST10161,26,13910.72,1,108.38,7,7.5,2,4,16.3,Abuja,Professional,Card,1159.2266666666667,9.34933633916864,7.0
CUST10162,47,139944.62624999997,10,79.92,8,5.8,0,5,23.5,Port Harcourt,Professional,Cash,11662.052187499998,0.6852996257868103,0.7692307692307692
CUST10163,52,25612.19,44,116.95,8,9.6,1,3,13.9,Abuja,Family,USSD,2134.3491666666664,5.479422103303155,0.1797752808988764
CUST10164,28,57402.75,22,59.09,12,6.9,1,3,18.2,Lagos,Professional,USSD,4783.5625,1.2352718293113134,0.5479452054794521
CUST10165,50,96519.68,13,87.41999999999999,10,6.6,3,2,13.0,Lagos,Student,Cash,8043.306666666666,1.0868664297270771,0.78125
CUST10166,43,139944.62624999997,14,70.9,11,6.942268041237114,0,3,17.0,Lagos,Professional,Cash,11662.052187499998,0.6079547481016623,0.7913669064748201
CUST10167,48,117764.07,1,71.86,9,7.0,3,4,19.0,Port Harcourt,Business,Bank Transfer,9813.6725,0.7322437140632113,9.0
CUST10168,61,74999.63,11,59.44,5,10.0,0,2,18.4,Ibadan,Student,Cash,6249.969166666667,0.9510446918204796,0.4672897196261683
CUST10169,35,76282.84,31,118.07,6,6.6,2,7,2.9,Lagos,Family,Cash,6356.903333333333,1.8573508799619942,0.19230769230769232
CUST10170,29,87945.01,91,87.31,8,7.6,2,4,9.5,Lagos,Business,Cash,7328.750833333333,1.1913353583108355,0.0881542699724518
CUST10171,27,83491.42,56,98.32,6,5.7,2,2,19.0,Abuja,Family,USSD,6957.618333333333,1.4131272410985465,0.10657193605683837
CUST10172,28,64199.05,1,70.82,10,8.6,1,2,15.0,Kano,Family,Cash,5349.920833333334,1.3237579060749338,10.0
CUST10173,37,58244.16,69,44.98,10,7.6,0,1,11.7,Lagos,Family,Card,4853.68,0.9267195200342832,0.1457725947521866
CUST10174,42,53138.78,46,95.42,7,6.4,4,2,15.0,Lagos,Professional,Card,4428.231666666667,2.154810479277093,0.15250544662309368
CUST10175,41,36330.32,46,40.83,8,5.4,0,3,5.4,Lagos,Student,USSD,3027.5266666666666,1.3486256107846009,0.17582417582417584
CUST10176,48,47132.46,18,87.41999999999999,12,4.6,2,6,16.7,Abuja,Business,Bank Transfer,3927.705,2.2257272376616877,0.6521739130434783
CUST10177,38,21676.03,15,52.01,8,7.8,0,5,14.2,Lagos,Professional,Bank Transfer,1806.3358333333333,2.8793095414612364,0.5263157894736842
CUST10178,55,52104.24,11,135.55,8,4.5,0,3,12.5,Abuja,Family,USSD,4342.0199999999995,3.1218188769282507,0.7407407407407407
CUST10179,35,31931.98,2,107.95,12,9.4,4,2,10.9,Kano,Family,Card,2660.9983333333334,4.0567481252337,6.0
CUST10180,70,29974.86,8,88.27,5,4.7,2,4,13.4,Port Harcourt,Student,USSD,2497.905,3.5337612919626644,0.6410256410256411
CUST10181,46,60720.11,8,117.27,6,6.7,1,2,10.4,Lagos,Business,Cash,5060.009166666667,2.3175847342832547,0.7058823529411765
CUST10182,28,118265.78,20,65.43,9,5.4,1,3,10.1,Port Harcourt,Family,USSD,9855.481666666667,0.6638944925573569,0.45226130653266333
CUST10183,25,91140.96,41,101.89,8,7.1,1,4,22.7,Abuja,Student,Bank Transfer,7595.080000000001,1.3415263565360733,0.19370460048426152
CUST10184,44,23186.21,19,91.54,13,7.0,0,1,2.5,Ibadan,Business,Card,1932.1841666666667,4.737643625241038,0.6735751295336787
CUST10185,35,31913.77,2,91.74,5,7.8,3,7,2.6,Lagos,Family,Bank Transfer,2659.4808333333335,3.4495454469967033,2.7777777777777777
CUST10186,47,92273.53,91,124.41,8,4.3,0,4,16.7,Kano,Professional,Bank Transfer,7689.4608333333335,1.6179287819594632,0.0881542699724518
CUST10187,44,32039.36,86,110.18,4,5.6,0,3,4.7,Kano,Family,Card,2669.9466666666667,4.126674190745383,0.046620046620046623
CUST10188,37,48607.85,46,95.91,3,8.7,2,3,0.0,Lagos,Student,Cash,4050.6541666666667,2.3677657003961294,0.0650759219088937
CUST10189,28,74430.2,91,53.23,13,8.2,4,2,18.1,Ibadan,Family,Card,6202.516666666666,0.8582000317075597,0.14325068870523416
CUST10190,20,32289.55,24,62.89,6,2.5,1,2,19.6,Abuja,Student,Card,2690.795833333333,2.337226749830828,0.2542372881355932
CUST10191,33,58281.79,91,89.83,7,7.7,1,4,4.2,Port Harcourt,Family,USSD,4856.815833333333,1.8495657048282148,0.07713498622589532
CUST10192,48,26406.74,2,87.52,10,5.1,1,2,1.2,Lagos,Family,Card,2200.561666666667,3.977166435538805,4.166666666666667
CUST10193,41,39511.07,14,57.84,7,5.9,0,2,4.7,Lagos,Business,USSD,3292.5891666666666,1.7566722440065532,0.5109489051094891
CUST10194,23,65576.23,8,145.9,8,6.6,3,2,7.8,Port Harcourt,Family,Bank Transfer,5464.685833333333,2.669869859856232,1.0389610389610389
CUST10195,40,57402.75,6,123.43,8,9.8,0,3,23.5,Lagos,Professional,Card,4783.5625,2.5802944980858933,1.2307692307692308
CUST10196,43,70076.98,5,100.42,7,5.1,1,2,9.4,Abuja,Business,Cash,5839.748333333333,1.719594651481842,1.5217391304347827
CUST10197,27,54409.15,29,89.14,8,4.5,2,3,17.0,Abuja,Family,USSD,4534.095833333334,1.9659928523051726,0.273972602739726
CUST10198,40,74530.07,46,83.34,8,7.8,2,3,16.3,Port Harcourt,Family,USSD,6210.839166666668,1.3418476596090678,0.17543859649122806
CUST10199,38,62208.15,26,63.27,9,6.9,1,3,19.9,Abuja,Student,Cash,5184.0125,1.2204831682022372,0.3474903474903475
CUST10200,24,116467.29,5,87.32,6,9.2,1,3,8.2,Lagos,Business,USSD,9705.6075,0.8996860835346988,1.25
CUST10201,42,58921.54,50,95.44,8,6.4,3,4,11.9,Port Harcourt,Business,USSD,4910.128333333333,1.9437373836461165,0.16
CUST10202,45,43430.42,30,56.38,11,9.2,2,6,10.7,Abuja,Family,Cash,3619.2016666666664,1.5578021119758918,0.36303630363036304
CUST10203,51,58826.76,15,94.53,12,7.0,2,2,15.2,Abuja,Business,Bank Transfer,4902.2300000000005,1.928306097429129,0.8163265306122449
CUST10204,51,74154.23,34,83.81,7,8.0,3,3,19.3,Lagos,Professional,Card,6179.519166666666,1.356254390342938,0.20833333333333331
CUST10205,21,56498.06,9,38.03,9,9.9,3,5,25.1,Lagos,Business,Card,4708.171666666666,0.807744549104872,1.0
CUST10206,27,56241.71,13,64.51,6,6.7,1,1,9.7,Lagos,Professional,Card,4686.809166666667,1.376416186492196,0.4724409448818898
CUST10207,44,37383.81,75,80.65,9,8.9,3,4,12.8,Ibadan,Student,Card,3115.3174999999997,2.588821203617288,0.12032085561497327
CUST10208,44,38196.26,10,133.02,5,5.9,1,3,17.2,Abuja,Family,Card,3183.021666666667,4.179047896312362,0.48543689320388345
CUST10209,44,25429.26,19,100.44,13,7.4,3,6,15.7,Lagos,Family,Card,2119.105,4.73973682285682,0.6842105263157895
CUST10210,70,139944.62624999997,66,56.91,12,4.4,1,3,22.3,Lagos,Professional,USSD,11662.052187499998,0.4879930143084005,0.18099547511312217
CUST10211,45,27749.24,37,100.1,8,6.1,3,1,11.4,Lagos,Student,Card,2312.436666666667,4.328767202272926,0.21680216802168023
CUST10212,52,37571.11,2,46.47,8,5.1,2,4,9.6,Port Harcourt,Professional,USSD,3130.9258333333332,1.484225512634575,4.2105263157894735
CUST10213,49,57402.75,5,112.45,5,9.2,3,3,20.3,Lagos,Professional,Cash,4783.5625,2.350758456694148,1.0416666666666667
CUST10214,38,89975.88,1,73.3,9,10.0,0,2,13.8,Abuja,Student,Bank Transfer,7497.990000000001,0.9775953288814735,9.0
CUST10215,34,46763.87,30,85.05,3,6.4,0,4,15.2,Abuja,Professional,USSD,3896.9891666666667,2.1824541039909655,0.10033444816053512
CUST10216,47,109244.81,18,119.57,8,5.6,1,6,11.6,Kano,Professional,Bank Transfer,9103.734166666667,1.3134170859009227,0.449438202247191
CUST10217,29,37974.44,4,53.17,10,4.6,1,3,17.6,Abuja,Business,Cash,3164.536666666667,1.6801827755722007,2.3255813953488373
CUST10218,35,64121.52,91,57.68,8,7.5,1,6,6.8,Abuja,Family,Card,5343.46,1.079450393565218,0.0881542699724518
CUST10219,32,34740.02,23,72.22,13,5.9,2,5,9.3,Kano,Professional,Bank Transfer,2895.0016666666666,2.494644505098155,0.5752212389380531
CUST10220,39,139944.62624999997,8,111.62,3,6.0,1,2,0.0,Abuja,Business,Bank Transfer,11662.052187499998,0.9571214243033502,0.36144578313253006
CUST10221,66,28621.38,21,48.68,9,9.9,1,4,8.2,Kano,Family,Cash,2385.1150000000002,2.0409917341511834,0.43269230769230765
CUST10222,18,65217.94,34,22.434999999999988,4,6.5,3,1,17.6,Port Harcourt,Professional,Cash,5434.828333333334,0.41280052697156616,0.11730205278592375
CUST10223,46,77937.75,2,87.41999999999999,12,8.1,1,4,12.3,Abuja,Professional,Cash,6494.8125,1.3459972862957934,5.0
CUST10224,19,69056.34,10,99.56,8,7.1,2,1,6.5,Abuja,Professional,USSD,5754.695,1.7300656246768944,0.8333333333333334
CUST10225,32,49671.18,49,118.95,6,4.6,3,2,20.6,Ibadan,Professional,USSD,4139.265,2.873698591416592,0.12170385395537527
CUST10226,51,57402.75,18,74.9,8,3.7,2,5,12.8,Port Harcourt,Professional,Bank Transfer,4783.5625,1.5657786430092635,0.43243243243243246
CUST10227,39,56341.39,24,76.61,8,7.9,1,1,22.2,Ibadan,Professional,Cash,4695.115833333333,1.631695632642361,0.33755274261603374
CUST10228,25,50728.21,17,115.21,7,10.0,0,4,17.1,Lagos,Professional,Bank Transfer,4227.350833333333,2.725347494027485,0.4117647058823529
CUST10229,29,93453.75,1,38.36,9,7.6,4,1,13.1,Abuja,Family,Card,7787.8125,0.4925645038321095,6.9230769230769225
CUST10230,46,139944.62624999997,5,75.72,9,8.1,1,3,23.0,Ibadan,Professional,Cash,11662.052187499998,0.6492853811884043,1.6666666666666665
CUST10231,29,40476.14,18,91.18,6,5.4,0,2,9.8,Abuja,Family,USSD,3373.0116666666668,2.703222194606502,0.33898305084745767
CUST10232,41,25892.19,7,96.79,5,8.8,2,4,5.4,Ibadan,Family,Cash,2157.6825,4.485831441836323,0.7142857142857143
CUST10233,39,52393.27,2,72.38,7,8.8,1,3,21.6,Lagos,Business,Bank Transfer,4366.105833333333,1.6577701678097208,4.666666666666667
CUST10234,30,139944.62624999997,56,90.31,8,5.7,3,5,15.6,Ibadan,Professional,USSD,11662.052187499998,0.7743920070671526,0.1436265709156194
CUST10235,64,35350.49,91,32.33,8,8.0,1,6,20.4,Abuja,Business,Card,2945.8741666666665,1.0974671072451896,0.0881542699724518
CUST10236,46,135483.17,47,72.33,7,3.8,1,4,17.3,Lagos,Business,Card,11290.264166666668,0.6406404574088426,0.14799154334038056
CUST10237,18,138389.01,58,100.95,8,8.3,0,5,21.9,Ibadan,Family,Bank Transfer,11532.417500000001,0.8753585273859535,0.1386481802426343
CUST10238,40,40563.14,8,61.11,5,6.0,1,7,8.9,Lagos,Family,Cash,3380.2616666666668,1.8078482089897379,0.6024096385542168
CUST10239,30,75209.22,91,94.24,12,4.8,0,2,10.9,Lagos,Student,Card,6267.435,1.503645430706501,0.1322314049586777
CUST10240,38,134686.7,7,96.7,7,7.7,2,4,10.8,Lagos,Business,Bank Transfer,11223.891666666668,0.8615550013475717,1.0606060606060606
CUST10241,28,44648.15,91,83.7,10,3.8,1,6,10.9,Port Harcourt,Student,USSD,3720.679166666667,2.2495892886939326,0.11025358324145534
CUST10242,37,49173.95,91,98.86,5,7.6,1,3,2.6,Ibadan,Family,USSD,4097.829166666666,2.4124968606345436,0.05509641873278237
CUST10243,44,39941.21,37,63.92,8,5.0,1,7,13.0,Lagos,Professional,Bank Transfer,3328.4341666666664,1.9204225410296785,0.21447721179624665
CUST10244,48,31475.74,91,89.36,6,4.6,2,6,16.7,Abuja,Professional,Cash,2622.9783333333335,3.4068142639378767,0.06611570247933884
CUST10245,24,38483.54,25,102.28,6,7.1,1,3,7.9,Lagos,Family,Cash,3206.9616666666666,3.18931158620023,0.23715415019762845
CUST10246,34,28054.98,9,89.65,11,6.7,1,1,6.5,Kano,Business,Cash,2337.915,3.8346133199881094,1.2222222222222223
CUST10247,32,56040.75,17,71.72,10,9.6,1,2,11.2,Lagos,Professional,Cash,4670.0625,1.535739618045797,0.5813953488372093
CUST10248,30,36011.84,27,92.77,9,4.7,2,4,16.7,Lagos,Business,Bank Transfer,3000.986666666666,3.091316633640492,0.3333333333333333
CUST10249,59,62546.82,2,103.05,9,9.5,0,4,5.5,Lagos,Family,Bank Transfer,5212.235,1.9770789306314855,3.91304347826087
CUST10250,43,139944.62624999997,29,87.41999999999999,9,5.0,3,5,26.0,Port Harcourt,Student,USSD,11662.052187499998,0.7496107768553922,0.3082191780821918
CUST10251,23,65977.73,91,123.51,5,8.7,1,4,4.2,Ibadan,Professional,USSD,5498.144166666666,2.2463943515486213,0.05509641873278237
CUST10252,49,86988.34,6,77.1,11,9.0,1,4,8.6,Abuja,Family,Cash,7249.028333333333,1.0635908214825114,1.746031746031746
CUST10253,63,18371.1,47,99.41,7,7.6,1,2,18.8,Lagos,Student,Card,1530.925,6.493459836373434,0.1483050847457627
CUST10254,50,67563.26,72,120.65,6,5.6,3,6,17.8,Port Harcourt,Professional,Card,5630.2716666666665,2.1428806129248352,0.08391608391608392
CUST10255,20,108045.36,86,57.61,5,4.3,3,1,17.3,Kano,Student,USSD,9003.78,0.6398423773126397,0.05793742757821553
CUST10256,32,28276.49,91,75.0,10,3.5,0,1,7.9,Lagos,Professional,USSD,2356.374166666667,3.182856146572647,0.11019283746556474
CUST10257,53,57402.75,22,87.41999999999999,8,10.0,0,7,9.0,Lagos,Family,Bank Transfer,4783.5625,1.8275082639769,0.36199095022624433
CUST10258,30,69254.88,91,87.41999999999999,10,6.5,2,3,6.9,Lagos,Professional,USSD,5771.240000000001,1.5147524622091608,0.11019283746556474
CUST10259,43,37321.76,42,131.77,9,5.0,1,3,10.1,Kano,Student,USSD,3110.146666666667,4.2367776867971925,0.21176470588235294
CUST10260,47,57402.75,5,87.41999999999999,10,4.9,1,1,14.3,Port Harcourt,Professional,Cash,4783.5625,1.8275082639769,1.8867924528301887
CUST10261,27,74769.72,19,72.67,9,7.3,0,2,6.8,Port Harcourt,Professional,Card,6230.81,1.166301010623017,0.4639175257731959
CUST10262,37,57347.9,38,93.15,9,6.942268041237114,0,1,1.5,Lagos,Student,Card,4778.991666666667,1.9491559411940105,0.23684210526315788
CUST10263,18,73969.21,8,55.63,11,3.5,1,1,19.0,Abuja,Family,Bank Transfer,6164.100833333334,0.9024836144660731,1.2941176470588236
CUST10264,26,33147.35,31,77.56,10,8.6,0,2,10.9,Ibadan,Family,Card,2762.2791666666667,2.8078262666548004,0.32573289902280134
CUST10265,35,60369.36,33,87.41999999999999,7,7.6,0,3,16.5,Lagos,Student,Cash,5030.78,1.7377027021654692,0.21212121212121213
CUST10266,23,25274.35,5,77.1,9,10.0,0,2,10.1,Ibadan,Professional,Cash,2106.195833333333,3.660628265415332,1.6981132075471699
CUST10267,58,51736.26,25,84.66,9,9.1,2,7,15.3,Port Harcourt,Professional,Bank Transfer,4311.3550000000005,1.9636517985644881,0.36
CUST10268,38,33454.42,44,75.31,16,2.2000000000000006,1,4,26.0,Lagos,Professional,USSD,2787.8683333333333,2.701347086573314,0.3611738148984199
CUST10269,33,36700.55,21,48.8,11,9.6,0,4,5.1,Abuja,Family,USSD,3058.379166666667,1.5956164144679028,0.5314009661835749
CUST10270,40,108547.13,1,93.12,9,9.2,1,3,7.3,Ibadan,Professional,Cash,9045.594166666668,1.0294514465744051,9.0
CUST10271,55,100238.64,1,128.95,5,5.7,4,4,6.6,Abuja,Professional,Bank Transfer,8353.22,1.5437160759563378,5.0
CUST10272,21,76888.72,13,86.52,2,6.2,1,4,24.6,Ibadan,Family,Cash,6407.393333333333,1.3503151047383803,0.15151515151515152
CUST10273,52,30161.35,78,96.89,6,7.7,1,7,11.9,Lagos,Student,Card,2513.445833333333,3.854867239032736,0.07672634271099744
CUST10274,38,46215.19,8,102.94,6,5.2,2,4,17.3,Port Harcourt,Family,Card,3851.2658333333334,2.672887420780916,0.7692307692307693
CUST10275,26,107182.92,30,55.68,6,6.6,1,4,0.0,Ibadan,Professional,Cash,8931.91,0.6233829046642879,0.19867549668874174
CUST10276,44,59458.43,8,128.17,8,8.8,3,1,14.2,Ibadan,Professional,USSD,4954.869166666666,2.5867484223851855,1.0666666666666667
CUST10277,40,139944.62624999997,12,90.99,7,7.9,0,1,9.8,Abuja,Family,Card,11662.052187499998,0.7802228847640372,0.603448275862069
CUST10278,31,68282.81,56,130.32,7,5.8,1,1,20.3,Port Harcourt,Family,Bank Transfer,5690.234166666666,2.2902396664694966,0.12389380530973451
CUST10279,39,61127.4,39,69.81,6,8.8,0,5,16.0,Lagos,Professional,USSD,5093.95,1.3704492584340249,0.1530612244897959
CUST10280,33,46400.91,3,130.69,8,7.5,2,6,9.5,Lagos,Family,Card,3866.7425000000003,3.379847507301042,2.6666666666666665
CUST10281,39,59191.66,17,105.72,9,7.5,0,3,21.5,Lagos,Business,Cash,4932.638333333333,2.1432749140672858,0.5357142857142857
CUST10282,46,50575.88,1,98.91,8,6.1,1,6,22.0,Lagos,Business,USSD,4214.656666666667,2.346810376804121,8.0
CUST10283,57,57402.75,20,92.42,7,7.0,2,7,21.0,Lagos,Family,USSD,4783.5625,1.9320328729895346,0.3553299492385787
CUST10284,23,93085.6,33,81.39,12,5.6,0,2,16.6,Abuja,Business,Card,7757.133333333334,1.0492278075233978,0.36809815950920244
CUST10285,64,35696.01,4,115.32,8,3.5,0,3,10.3,Ibadan,Student,Bank Transfer,2974.6675,3.876735803245236,2.1052631578947367
CUST10286,18,26447.33,10,89.33,6,6.5,2,3,13.4,Port Harcourt,Family,Card,2203.9441666666667,4.05318797776562,0.5882352941176471
CUST10287,36,20033.79,15,37.04,16,6.8,0,2,9.5,Abuja,Professional,Card,1669.4825,2.2186515881418343,1.0526315789473684
CUST10288,45,72728.14,76,63.12,7,7.2,0,2,13.3,Ibadan,Student,Card,6060.678333333333,1.0414675804991025,0.0925925925925926
CUST10289,41,29978.53,91,89.95,8,9.2,2,1,8.4,Lagos,Family,Card,2498.210833333333,3.600576812805698,0.0881542699724518
CUST10290,31,16831.35,1,92.86,9,5.8,3,2,11.0,Abuja,Family,Card,1402.6125,6.62050281171742,6.428571428571429
CUST10291,36,68105.05,43,87.41999999999999,7,6.3,0,4,24.9,Port Harcourt,Professional,Cash,5675.420833333334,1.540326304730706,0.16317016317016317
CUST10292,32,139944.62624999997,14,116.59,7,8.4,0,1,13.9,Lagos,Family,Card,11662.052187499998,0.9997382804114641,0.5035971223021583
CUST10293,31,54816.66,15,37.42,6,5.6,3,5,9.4,Kano,Professional,Bank Transfer,4568.055,0.8191670196615408,0.4
CUST10294,48,87226.06,42,91.96,7,7.3,1,3,5.4,Lagos,Professional,USSD,7268.838333333333,1.2651265000390937,0.166270783847981
CUST10295,42,57531.89,75,45.57,10,6.3,1,3,11.4,Lagos,Professional,Cash,4794.324166666666,0.9504989319836356,0.13297872340425532
CUST10296,30,57402.75,90,111.23,10,6.6,0,3,16.5,Lagos,Professional,Bank Transfer,4783.5625,2.325254452095065,0.11061946902654866
CUST10297,49,91179.06,26,84.7,7,8.4,1,4,12.8,Ibadan,Professional,Card,7598.255,1.1147296320010318,0.2713178294573643
CUST10298,42,46884.27,13,96.55,10,6.3,1,0,11.7,Port Harcourt,Family,Bank Transfer,3907.0224999999996,2.471191297209064,0.7518796992481203
CUST10299,48,63713.66,46,67.12,6,8.4,3,4,14.6,Port Harcourt,Student,USSD,5309.471666666667,1.2641559125625492,0.12903225806451613
CUST10300,46,65645.36,9,117.68,8,3.5,4,6,14.4,Port Harcourt,Student,Bank Transfer,5470.446666666667,2.1511954538751863,0.9195402298850576
CUST10301,28,38087.4,25,113.04,7,4.4,1,4,16.2,Lagos,Family,Card,3173.9500000000003,3.5614927771388962,0.28112449799196787
CUST10302,31,94912.6,13,100.65,7,2.8,3,1,16.4,Port Harcourt,Family,USSD,7909.383333333334,1.2725391570771425,0.5263157894736842
CUST10303,47,49954.14,32,84.33,8,4.9,1,3,11.5,Abuja,Professional,Card,4162.845,2.0257780436216093,0.24922118380062305
CUST10304,45,36294.76,8,100.16,9,10.0,1,0,11.2,Lagos,Student,Card,3024.5633333333335,3.3115524114224746,1.0975609756097562
CUST10305,38,73877.89,6,67.84,9,7.0,1,5,12.0,Port Harcourt,Professional,Cash,6156.490833333333,1.101926435635885,1.40625
CUST10306,39,33554.66,75,112.4,10,5.7,2,3,15.4,Lagos,Family,USSD,2796.221666666667,4.019709930006742,0.13315579227696406
CUST10307,53,55859.12,3,126.49,7,8.4,0,2,18.7,Lagos,Business,USSD,4654.926666666667,2.7173360410976755,2.1875
CUST10308,31,54724.84,21,113.46,4,8.7,1,4,10.0,Kano,Family,Card,4560.403333333333,2.487937835907789,0.18867924528301888
CUST10309,45,99940.57,8,67.36,6,4.8,2,4,11.0,Port Harcourt,Student,Bank Transfer,8328.380833333335,0.8088006702383225,0.8
CUST10310,36,71408.52,1,94.13,7,10.0,1,6,7.1,Port Harcourt,Family,USSD,5950.71,1.5818280507704123,5.833333333333334
CUST10311,38,54248.12,1,52.76,6,7.5,3,3,3.0,Abuja,Professional,Bank Transfer,4520.676666666667,1.1670819191522213,5.454545454545454
CUST10312,51,57402.75,6,99.77,10,7.7,1,2,4.6,Abuja,Professional,Bank Transfer,4783.5625,2.085684048238107,1.7241379310344829
CUST10313,48,118149.09,60,101.1,7,7.9,2,0,6.0,Port Harcourt,Professional,USSD,9845.7575,1.026838209249009,0.11570247933884298
CUST10314,48,74748.48,10,39.05,15,6.942268041237114,1,3,8.0,Kano,Family,Bank Transfer,6229.04,0.6269023798209675,1.5
CUST10315,54,55314.06,90,63.17,5,5.9,0,3,14.8,Abuja,Family,USSD,4609.505,1.3704291458627336,0.05549389567147614
CUST10316,38,26730.98,26,80.01,5,10.0,0,4,5.6,Ibadan,Family,Cash,2227.5816666666665,3.591787506481244,0.19157088122605362
CUST10317,46,30615.94,17,78.86,6,6.5,1,3,12.1,Ibadan,Family,USSD,2551.3283333333334,3.0909389030681402,0.3488372093023256
CUST10318,34,46500.34,26,87.41999999999999,8,8.7,1,4,17.0,Abuja,Professional,USSD,3875.028333333333,2.25598350463674,0.3076923076923077
CUST10319,38,39334.48,22,96.47,13,6.1,0,1,7.0,Ibadan,Professional,USSD,3277.8733333333334,2.943066744494906,0.5963302752293578
CUST10320,36,49625.21,43,94.7,8,5.8,1,0,9.0,Port Harcourt,Family,Cash,4135.434166666667,2.2899651205506233,0.18735362997658078
CUST10321,39,56740.64,10,80.94,6,10.0,2,3,4.1,Abuja,Family,Bank Transfer,4728.386666666666,1.7117889399908073,0.6
CUST10322,45,73601.41,13,67.15,13,6.8,1,2,6.3,Lagos,Family,Cash,6133.450833333333,1.0948159824655534,0.9923664122137404
CUST10323,28,52908.23,67,116.61,5,6.9,3,3,20.2,Port Harcourt,Professional,Bank Transfer,4409.019166666667,2.644805921498413,0.07418397626112759
CUST10324,63,71873.6,88,133.41,7,7.5,3,2,15.0,Ibadan,Family,USSD,5989.466666666667,2.2274103426014555,0.07972665148063782
CUST10325,26,56985.34,67,87.41999999999999,6,10.0,0,3,24.9,Kano,Professional,USSD,4748.778333333333,1.8408945177829947,0.08968609865470852
CUST10326,23,18556.62,16,71.0,6,10.0,1,3,7.6,Kano,Family,Cash,1546.385,4.591353382243103,0.36809815950920244
CUST10327,52,32808.86,46,100.92,7,9.3,1,0,21.1,Lagos,Professional,Cash,2734.0716666666667,3.6911980483320663,0.15384615384615385
CUST10328,47,50809.59,19,77.6,8,10.0,0,1,7.6,Abuja,Business,Cash,4234.1325,1.8327248852037576,0.4123711340206186
CUST10329,45,28275.65,21,83.17,6,5.3,0,2,9.0,Lagos,Student,Cash,2356.304166666667,3.5296801311375683,0.2912621359223301
CUST10330,46,76500.25,7,104.04,9,8.2,1,4,28.3,Lagos,Family,USSD,6375.020833333333,1.6319946666840959,1.3043478260869565
CUST10331,38,127644.13,27,39.41,7,7.1,0,3,7.0,Port Harcourt,Family,USSD,10637.010833333334,0.37049882356517294,0.26119402985074625
CUST10332,27,107517.35,6,118.45,6,3.8,2,0,21.5,Abuja,Student,Card,8959.779166666667,1.3220191903911322,0.9677419354838709
CUST10333,39,57402.75,12,87.78,6,7.8,1,5,11.8,Port Harcourt,Student,Cash,4783.5625,1.8350340358258097,0.49586776859504134
CUST10334,30,124864.93,58,87.41999999999999,6,6.1,2,3,5.5,Abuja,Family,Cash,10405.410833333333,0.8401398214855043,0.10362694300518135
CUST10335,50,59686.17,7,83.33,5,9.8,4,2,3.4,Lagos,Student,Bank Transfer,4973.8475,1.6753629860987898,0.7142857142857143
CUST10336,36,45692.58,2,84.24,7,6.3,1,2,12.6,Lagos,Professional,Bank Transfer,3807.715,2.2123504516488235,3.1818181818181817
CUST10337,28,39250.4,2,41.89,4,6.2,1,2,5.3,Ibadan,Business,USSD,3270.866666666667,1.2807003240731303,1.9047619047619047
CUST10338,34,46570.85,85,129.16,12,9.8,2,1,10.2,Lagos,Family,Card,3880.9041666666667,3.3280904256632633,0.14150943396226415
CUST10339,43,44426.49,21,87.73,6,6.9,0,0,0.6,Lagos,Professional,Cash,3702.2075,2.369667286342,0.2830188679245283
CUST10340,31,60404.41,16,97.34,10,6.942268041237114,2,5,14.1,Ibadan,Family,Card,5033.700833333333,1.9337660942305372,0.6329113924050632
CUST10341,28,60078.31,50,112.79,4,7.8,1,5,2.7,Ibadan,Family,Card,5006.525833333333,2.252859642689683,0.08
CUST10342,41,55092.22,54,63.81,8,7.8,1,0,11.6,Kano,Business,USSD,4591.018333333333,1.389887719173415,0.14760147601476015
CUST10343,41,69940.8,12,97.81,2,6.6,1,1,3.7,Lagos,Family,Card,5828.400000000001,1.6781621028069453,0.1652892561983471
CUST10344,32,105867.53,36,81.15,6,7.9,1,2,19.4,Lagos,Business,Cash,8822.294166666667,0.9198287709177686,0.16901408450704225
CUST10345,32,92720.35,44,109.71,9,6.8,1,2,0.0,Ibadan,Professional,USSD,7726.695833333334,1.4198824745592524,0.20361990950226244
CUST10346,41,24303.96,32,34.37,6,5.6,1,4,10.3,Kano,Family,Card,2025.33,1.697007401263004,0.18808777429467086
CUST10347,21,57402.75,5,82.92,10,6.8,1,2,15.4,Port Harcourt,Student,USSD,4783.5625,1.733436115865529,2.0408163265306123
CUST10348,21,57402.75,63,74.94,6,9.3,1,5,14.2,Lagos,Student,USSD,4783.5625,1.5666148398813646,0.09584664536741214
CUST10349,29,25933.87,23,97.67,8,8.0,1,3,4.5,Lagos,Family,Bank Transfer,2161.1558333333332,4.519340923664691,0.3448275862068966
CUST10350,35,48604.31,10,97.55,3,8.4,0,2,1.6,Lagos,Student,USSD,4050.3591666666666,2.40842838834663,0.3
CUST10351,42,28897.96,17,68.64,5,7.0,1,4,16.7,Port Harcourt,Family,Card,2408.1633333333334,2.850305004228672,0.3012048192771084
CUST10352,56,20414.47,1,67.29,11,3.5,0,4,11.3,Lagos,Business,Bank Transfer,1701.2058333333334,3.9554296535741558,10.0
CUST10353,48,74079.41,4,87.41999999999999,9,4.8,3,2,5.6,Ibadan,Professional,Cash,6173.284166666667,1.4161019910930712,2.1951219512195124
CUST10354,36,83501.83,44,66.07,7,6.5,2,0,16.9,Lagos,Student,Cash,6958.485833333333,0.9494881728939354,0.16091954022988506
CUST10355,38,40054.96,1,106.13,8,5.0,1,5,8.6,Kano,Family,Cash,3337.9133333333334,3.1795313239608776,8.0
CUST10356,26,13227.0,16,77.06,4,6.1,1,2,8.1,Lagos,Business,Cash,1102.25,6.991154456792923,0.2469135802469136
CUST10357,38,40727.3,22,22.434999999999988,12,6.0,4,3,6.8,Port Harcourt,Family,Cash,3393.941666666667,0.6610308073454411,0.5405405405405406
CUST10358,35,68225.98,2,75.76,11,6.0,1,0,7.4,Lagos,Family,Card,5685.498333333333,1.3325129224966796,6.470588235294118
CUST10359,42,24384.11,91,67.71,6,6.942268041237114,0,5,7.2,Kano,Professional,USSD,2032.0091666666667,3.3321700074351694,0.06611570247933884
CUST10360,28,60835.96,8,44.83,9,6.9,4,3,14.0,Port Harcourt,Student,Bank Transfer,5069.663333333333,0.8842796267207751,1.1688311688311688
CUST10361,44,57402.75,11,54.93,14,8.7,2,3,21.3,Lagos,Family,USSD,4783.5625,1.1483073546128015,1.2844036697247705
CUST10362,38,75636.84,11,88.6,8,7.3,3,1,3.6,Ibadan,Professional,USSD,6303.07,1.4056642239416666,0.7339449541284403
CUST10363,37,58738.91,8,87.41999999999999,8,9.5,3,6,10.0,Port Harcourt,Business,Card,4894.909166666667,1.7859371241311761,1.0126582278481011
CUST10364,43,32205.76,1,92.91,6,8.8,4,2,11.0,Ibadan,Professional,Card,2683.813333333333,3.461865206720786,6.0
CUST10365,46,106213.11,39,72.97,8,5.9,0,4,14.8,Ibadan,Family,Card,8851.0925,0.8244180026363975,0.2040816326530612
CUST10366,33,50407.6,91,104.57,6,10.0,1,3,17.9,Ibadan,Family,Bank Transfer,4200.633333333333,2.4893865210801542,0.06611570247933884
CUST10367,41,54180.21,8,74.13,11,6.2,1,1,11.0,Lagos,Family,Card,4515.0175,1.6418541013406922,1.4473684210526316
CUST10368,38,32918.53,33,70.25,5,7.4,1,3,8.2,Lagos,Family,USSD,2743.210833333333,2.5608676936667587,0.15337423312883436
CUST10369,39,43100.21,41,59.39,12,7.7,1,3,15.5,Ibadan,Business,Bank Transfer,3591.6841666666664,1.6535418272904008,0.29556650246305416
CUST10370,29,33807.8,57,87.41999999999999,9,7.9,0,1,2.2,Abuja,Business,Card,2817.316666666667,3.1029525730748517,0.15901060070671377
CUST10371,38,50009.49,16,76.57,11,8.4,1,5,0.0,Lagos,Business,Card,4167.4574999999995,1.8373312745240955,0.6666666666666666
CUST10372,44,139944.62624999997,11,89.82,6,5.6,1,2,27.5,Kano,Business,Card,11662.052187499998,0.7701903451973384,0.5555555555555555
CUST10373,55,25862.33,12,83.53,9,8.3,4,7,7.2,Lagos,Family,USSD,2155.1941666666667,3.8757528807342574,0.7627118644067796
CUST10374,50,22643.54,37,87.41999999999999,9,8.0,1,5,9.5,Kano,Family,Card,1886.9616666666668,4.632844511061432,0.24064171122994654
CUST10375,64,57402.75,51,65.43,9,7.0,2,3,15.3,Ibadan,Student,USSD,4783.5625,1.367809033539334,0.17681728880157171
CUST10376,29,49018.86,6,100.69,9,6.7,2,2,14.1,Kano,Professional,Bank Transfer,4084.905,2.4649288049538485,1.5
CUST10377,48,38066.83,14,53.18,7,5.5,2,0,17.3,Lagos,Student,Card,3172.2358333333336,1.6764201274442867,0.5035971223021583
CUST10378,40,97444.28,70,109.97,5,7.9,3,2,17.6,Abuja,Student,Cash,8120.356666666667,1.354250860081269,0.07173601147776183
CUST10379,64,39418.87,49,63.89,2,5.8,2,6,3.3,Abuja,Professional,Cash,3284.9058333333337,1.9449568189042457,0.04056795131845842
CUST10380,28,139944.62624999997,91,75.79,9,7.4,1,4,19.6,Abuja,Student,USSD,11662.052187499998,0.6498856185983778,0.09917355371900827
CUST10381,28,79853.4,42,51.7,6,6.8,1,3,15.1,Lagos,Business,Card,6654.45,0.7769237127035293,0.14251781472684086
CUST10382,31,42055.15,15,73.66,7,4.6,2,4,14.3,Abuja,Business,Card,3504.5958333333333,2.101811549833968,0.4666666666666667
CUST10383,18,139944.62624999997,27,111.53,4,5.3,1,2,14.5,Abuja,Student,Cash,11662.052187499998,0.9563496904905273,0.14925373134328357
CUST10384,32,39416.72,32,100.49,9,7.7,3,2,0.0,Port Harcourt,Professional,Bank Transfer,3284.726666666667,3.059310871122711,0.27692307692307694
CUST10385,29,82722.0,2,109.66,8,6.1,4,2,10.7,Kano,Business,Bank Transfer,6893.5,1.5907739174584754,3.2
CUST10386,40,64841.39,24,99.94,10,6.0,2,3,6.2,Abuja,Business,USSD,5403.449166666666,1.849559363240054,0.423728813559322
CUST10387,42,112537.99,37,60.37,9,5.6,1,3,5.3,Lagos,Business,Cash,9378.165833333334,0.6437292864391837,0.2425876010781671
CUST10388,61,129822.01,6,77.17,9,5.7,0,5,9.1,Port Harcourt,Business,USSD,10818.500833333334,0.7133150996506679,1.6363636363636365
CUST10389,49,55976.7,46,69.14,2,10.0,1,5,17.0,Kano,Business,USSD,4664.724999999999,1.482188124701885,0.04395604395604396
CUST10390,31,36341.25,26,120.37,6,5.0,1,2,13.7,Lagos,Professional,Bank Transfer,3028.4375,3.9746568981529258,0.22813688212927757
CUST10391,27,57402.75,91,62.38,7,9.7,0,0,14.6,Port Harcourt,Professional,Cash,4783.5625,1.304049022041627,0.07713498622589532
CUST10392,44,37886.31,1,107.45,7,6.4,0,1,9.3,Lagos,Family,USSD,3157.1924999999997,3.4033401510994343,5.384615384615384
CUST10393,22,139944.62624999997,9,108.06,16,5.8,0,3,14.3,Abuja,Professional,Bank Transfer,11662.052187499998,0.9265950645961301,1.7391304347826089
CUST10394,60,59289.23,28,132.95,6,7.7,1,2,10.8,Ibadan,Business,Bank Transfer,4940.769166666667,2.690876572355552,0.21739130434782608
CUST10395,38,44988.47,11,75.6,6,7.1,3,5,17.7,Ibadan,Family,Card,3749.039166666667,2.016516676383971,0.5660377358490566
CUST10396,32,57402.75,38,105.82,10,6.6,1,2,16.2,Port Harcourt,Family,Cash,4783.5625,2.2121588251433946,0.26595744680851063
CUST10397,18,26217.15,43,145.46,10,7.4,1,2,13.0,Kano,Professional,Cash,2184.7625000000003,6.6579319262391214,0.23419203747072598
CUST10398,54,32231.54,3,69.82,12,7.1,1,5,7.2,Ibadan,Professional,Card,2685.9616666666666,2.599441416699295,3.75
CUST10399,37,106437.81,22,48.35,8,6.6,2,7,13.6,Ibadan,Family,USSD,8869.8175,0.5451070441979219,0.37037037037037035
CUST10400,53,57402.75,21,39.71,5,8.7,4,4,13.5,Abuja,Business,Bank Transfer,4783.5625,0.8301344447783425,0.2347417840375587
CUST10401,19,30923.99,14,103.92,8,4.4,2,5,12.7,Port Harcourt,Professional,Bank Transfer,2576.999166666667,4.032597345944038,0.5797101449275363
CUST10402,38,73883.7,81,44.41,8,5.4,3,3,9.1,Abuja,Business,Bank Transfer,6156.974999999999,0.7212957661838809,0.09864364981504316
CUST10403,38,105580.16,53,79.91,8,5.6,3,5,8.1,Lagos,Business,Card,8798.346666666666,0.9082388206269056,0.15180265654648956
CUST10404,39,81675.78,36,98.8,14,5.1,1,2,13.9,Abuja,Family,Bank Transfer,6806.315,1.4515931160987994,0.3910614525139665
CUST10405,33,95121.92,38,92.64,2,7.2,2,6,6.9,Kano,Family,USSD,7926.826666666667,1.1686896143391554,0.05319148936170213
CUST10406,45,36273.81,19,97.12,7,7.9,1,2,10.5,Kano,Family,USSD,3022.8174999999997,3.2128965774480274,0.3763440860215054
CUST10407,25,25162.06,76,96.65,7,3.5,0,1,15.5,Ibadan,Professional,Card,2096.8383333333336,4.60932054052808,0.09198423127463864
CUST10408,36,125595.53,36,119.82,5,6.1,1,1,14.6,Lagos,Professional,USSD,10466.294166666667,1.144817813181727,0.14044943820224717
CUST10409,39,46056.06,39,64.33,7,6.4,4,7,5.1,Port Harcourt,Business,Cash,3838.0049999999997,1.676131219214149,0.17857142857142855
CUST10410,44,47912.43,59,72.82,8,6.942268041237114,1,5,13.8,Lagos,Family,Cash,3992.7025,1.823827345012557,0.13490725126475547
CUST10411,47,114187.29,10,66.45,8,4.7,2,4,24.2,Lagos,Professional,Bank Transfer,9515.6075,0.6983264074311598,0.8333333333333334
CUST10412,25,74683.54,49,109.7,12,6.4,1,1,16.1,Ibadan,Family,Bank Transfer,6223.628333333333,1.7626373897113072,0.24291497975708504
CUST10413,20,70673.56,6,108.03,4,5.4,2,6,10.4,Abuja,Professional,Cash,5889.463333333333,1.8342927680450796,0.6153846153846154
CUST10414,53,57402.75,13,97.3,6,6.4,4,1,19.8,Kano,Student,USSD,4783.5625,2.0340488913858654,0.4724409448818898
CUST10415,42,38605.63,12,115.57,8,3.9,0,5,25.2,Lagos,Family,Card,3217.1358333333333,3.592325782534827,0.6504065040650406
CUST10416,29,91619.6,91,64.77,9,6.4,1,2,17.2,Abuja,Professional,Bank Transfer,7634.966666666667,0.8483337626446742,0.09917355371900827
CUST10417,57,56751.97,58,131.34,6,5.7,2,6,1.6,Port Harcourt,Student,Bank Transfer,4729.330833333333,2.777137075594028,0.10291595197255575
CUST10418,39,63755.72,36,125.98,11,6.942268041237114,1,3,15.7,Lagos,Professional,Cash,5312.9766666666665,2.3711754804117966,0.30386740331491713
CUST10419,52,127483.99,39,106.51,6,7.5,3,6,20.1,Abuja,Family,Cash,10623.665833333334,1.0025729505328473,0.15384615384615385
CUST10420,39,72721.92,25,131.53,9,6.9,2,3,0.0,Lagos,Student,Card,6060.16,2.1704047417889956,0.3629032258064516
CUST10421,63,73950.51,88,50.64,12,8.4,4,6,17.6,Port Harcourt,Professional,Bank Transfer,6162.5425,0.8217387547428681,0.13605442176870747
CUST10422,59,99207.36,21,73.53,7,6.942268041237114,2,5,10.8,Ibadan,Professional,USSD,8267.28,0.8894098179812465,0.3398058252427184
CUST10423,35,44997.6,14,67.77,14,8.1,0,1,19.9,Ibadan,Student,USSD,3749.7999999999997,1.8072963891407543,0.9722222222222222
CUST10424,38,34666.29,5,103.46,6,9.0,1,3,11.6,Ibadan,Student,Cash,2888.8575,3.5813466050159963,1.1320754716981132
CUST10425,46,30959.75,46,62.45,9,7.5,2,3,14.1,Ibadan,Student,Card,2579.9791666666665,2.420562181542164,0.19438444924406048
CUST10426,54,18649.83,40,107.12,8,7.0,1,2,14.2,Ibadan,Professional,Cash,1554.1525000000001,6.892502505384767,0.20100502512562815
CUST10427,26,139944.62624999997,15,120.43,10,6.942268041237114,3,4,16.3,Port Harcourt,Business,Card,11662.052187499998,1.0326655897585781,0.684931506849315
CUST10428,46,29981.14,1,151.77500000000003,9,7.6,1,2,14.7,Abuja,Professional,USSD,2498.4283333333333,6.074819036234114,9.0
CUST10429,38,48698.28,55,96.48,5,8.8,4,4,6.6,Abuja,Student,Card,4058.19,2.3774145616641906,0.09124087591240876
CUST10430,18,47232.67,1,60.38,7,8.4,2,4,10.4,Kano,Student,USSD,3936.0558333333333,1.5340229548742428,7.0
CUST10431,24,65131.41,36,87.41999999999999,10,8.5,0,0,12.0,Lagos,Professional,Card,5427.6175,1.6106514506595202,0.273972602739726
CUST10432,18,86141.27,91,124.68,6,7.1,3,4,19.4,Lagos,Family,Cash,7178.439166666667,1.736867821893037,0.06611570247933884
CUST10433,35,88287.06,17,105.87,7,7.6,0,2,14.9,Ibadan,Professional,USSD,7357.255,1.438987774652367,0.40462427745664736
CUST10434,47,39910.55,8,84.67,8,7.6,1,3,8.1,Lagos,Student,Bank Transfer,3325.879166666667,2.545793029662583,1.0
CUST10435,56,50169.95,37,77.48,6,4.8,3,3,6.5,Ibadan,Professional,Bank Transfer,4180.829166666666,1.8532209021535802,0.16393442622950818
CUST10436,39,64248.1,51,38.43,5,8.9,0,2,15.9,Kano,Family,USSD,5354.008333333333,0.7177799810422409,0.09803921568627451
CUST10437,58,47968.91,24,60.13,7,4.0,4,0,9.2,Abuja,Student,Bank Transfer,3997.409166666667,1.5042242986134144,0.29535864978902954
CUST10438,21,133136.28,91,140.98,4,8.3,0,1,16.5,Port Harcourt,Family,USSD,11094.69,1.2706979645217666,0.0440771349862259
CUST10439,18,72050.65,2,53.12,12,7.5,4,5,11.7,Kano,Professional,Cash,6004.220833333333,0.8847109637456428,7.5
CUST10440,37,82394.28,21,91.42,12,6.5,2,4,20.8,Lagos,Student,Cash,6866.19,1.3314516493135204,0.5687203791469194
CUST10441,43,79195.37,38,113.23,9,7.7,2,2,7.6,Kano,Family,Card,6599.614166666666,1.7157063601066578,0.23684210526315788
CUST10442,38,104872.34,60,58.39,7,7.8,2,1,20.6,Kano,Family,Bank Transfer,8739.361666666666,0.6681266003981603,0.1174496644295302
CUST10443,18,60757.77,6,90.09,5,4.6,1,1,17.9,Lagos,Family,Bank Transfer,5063.1475,1.7793279773105564,0.847457627118644
CUST10444,37,57402.75,48,112.31,5,9.5,1,3,9.4,Lagos,Professional,Bank Transfer,4783.5625,2.347831767641794,0.10351966873706005
CUST10445,22,68522.46,24,87.24,7,7.1,0,3,6.7,Lagos,Professional,USSD,5710.205000000001,1.5277910337719922,0.2904564315352697
CUST10446,46,38439.55,15,151.77500000000003,6,10.0,4,3,23.6,Lagos,Professional,Cash,3203.2958333333336,4.7380887653471495,0.39473684210526316
CUST10447,42,41124.09,4,43.62,7,8.4,1,5,6.6,Lagos,Family,Bank Transfer,3427.0074999999997,1.2728305963730748,1.6666666666666665
CUST10448,27,75931.63,60,116.28,9,7.1,0,4,13.8,Kano,Family,Card,6327.635833333334,1.8376531624568049,0.1497504159733777
CUST10449,32,108677.94,5,81.09,8,5.8,1,3,14.1,Abuja,Student,Bank Transfer,9056.495,0.8953795038809162,1.5686274509803924
CUST10450,25,55647.24,11,105.19,6,6.8,1,0,12.1,Ibadan,Family,Card,4637.2699999999995,2.268360479333746,0.5405405405405406
CUST10451,37,65182.52,10,96.85,9,7.3,1,7,16.7,Lagos,Family,Bank Transfer,5431.876666666666,1.7829933546601144,0.8737864077669902
CUST10452,49,139944.62624999997,62,71.59,8,9.6,0,3,6.4,Abuja,Professional,Bank Transfer,11662.052187499998,0.6138713739999718,0.13008130081300814
CUST10453,26,62786.96,34,93.41,5,9.2,1,4,23.6,Port Harcourt,Business,Cash,5232.246666666667,1.7852751590457634,0.14925373134328357
CUST10454,44,139944.62624999997,48,42.38,9,7.8,2,4,7.1,Ibadan,Business,Card,11662.052187499998,0.36340087763820095,0.1882845188284519
CUST10455,32,75065.68,9,100.77,6,10.0,3,4,11.1,Port Harcourt,Student,Bank Transfer,6255.473333333332,1.610909273052612,0.6976744186046512
CUST10456,28,20882.55,29,94.81,8,3.4,1,1,3.4,Abuja,Business,Card,1740.2124999999999,5.448185207266355,0.272108843537415
CUST10457,37,83235.26,25,103.0,6,7.8,0,4,18.3,Ibadan,Professional,Card,6936.2716666666665,1.4849476051375343,0.2362204724409449
CUST10458,26,67827.67,54,87.41999999999999,7,9.3,2,3,23.3,Lagos,Family,Cash,5652.305833333333,1.5466254406203248,0.1303538175046555
CUST10459,31,111798.39,71,99.87,8,8.0,2,4,24.0,Lagos,Business,Cash,9316.5325,1.071965347622627,0.11267605633802817
CUST10460,24,79645.29,1,88.78,5,4.6,1,2,18.8,Abuja,Professional,Card,6637.107499999999,1.337630888154215,5.0
CUST10461,62,50967.21,34,65.66,8,9.5,0,5,9.8,Kano,Professional,Cash,4247.2675,1.5459351218165562,0.23809523809523808
CUST10462,38,28049.45,2,151.77500000000003,5,8.4,1,3,12.0,Lagos,Business,Bank Transfer,2337.454166666667,6.493175445507846,3.125
CUST10463,30,49026.96,24,87.41999999999999,9,7.6,2,1,10.1,Port Harcourt,Professional,Bank Transfer,4085.58,2.13972067613411,0.3765690376569038
CUST10464,41,34451.31,10,121.72,11,7.2,0,4,4.7,Port Harcourt,Professional,Cash,2870.9424999999997,4.239722669471786,1.0784313725490198
CUST10465,37,39966.65,11,87.41999999999999,8,10.0,4,6,10.2,Ibadan,Professional,Card,3330.554166666667,2.6247884173429594,0.7272727272727273
CUST10466,35,76024.17,13,87.19,16,7.8,0,1,17.5,Lagos,Business,Bank Transfer,6335.3475,1.3762465279134253,1.2213740458015268
CUST10467,45,137796.87,29,64.72,11,6.6,4,3,6.8,Lagos,Business,USSD,11483.0725,0.5636122213806453,0.37800687285223367
CUST10468,47,68333.66,12,115.29,7,5.5,3,2,0.0,Abuja,Professional,Card,5694.471666666667,2.0245951994961193,0.5737704918032788
CUST10469,32,28491.26,40,104.8,10,8.4,1,6,4.5,Abuja,Business,Card,2374.2716666666665,4.413985201075699,0.25252525252525254
CUST10470,31,70236.26,16,134.77,8,8.8,0,1,16.9,Kano,Professional,USSD,5853.0216666666665,2.302571349898187,0.5128205128205129
CUST10471,35,106216.61,2,87.41999999999999,9,7.1,1,4,1.7,Port Harcourt,Business,USSD,8851.384166666667,0.9876421399628551,4.285714285714286
CUST10472,18,39328.62,46,79.23,7,6.0,1,2,9.2,Kano,Family,Card,3277.385,2.417476128071618,0.15250544662309368
CUST10473,20,51091.79,10,91.59,7,9.4,3,5,9.7,Ibadan,Student,USSD,4257.649166666667,2.1511871085354417,0.6930693069306931
CUST10474,54,55446.12,17,102.52,12,5.4,3,2,13.5,Ibadan,Student,Cash,4620.51,2.218802686283549,0.7058823529411765
CUST10475,58,35717.44,35,82.38,3,10.0,0,1,13.4,Abuja,Student,Cash,2976.4533333333334,2.7677235546556527,0.08645533141210374
CUST10476,35,78561.95,12,87.41999999999999,6,5.7,1,2,14.4,Ibadan,Professional,Card,6546.829166666666,1.335302904268542,0.49586776859504134
CUST10477,45,51460.35,2,107.17,9,4.7,2,5,11.1,Lagos,Family,Cash,4288.3625,2.4990891045241628,5.294117647058823
CUST10478,42,69274.44,14,104.15,8,4.9,1,2,6.3,Kano,Professional,Bank Transfer,5772.87,1.8041286223317001,0.5714285714285714
CUST10479,70,33757.83,87,69.03,8,5.0,3,2,17.4,Port Harcourt,Business,Cash,2813.1525,2.4538307112749838,0.0922722029988466
CUST10480,51,43238.49,31,87.41999999999999,7,6.6,2,3,1.4,Kano,Family,Cash,3603.2075,2.426171681758544,0.22727272727272727
CUST10481,36,81829.92,33,116.93,9,6.2,2,4,16.7,Abuja,Family,USSD,6819.16,1.7147273271194692,0.2694610778443114
CUST10482,27,44802.99,30,87.41999999999999,11,8.8,1,2,18.9,Kano,Professional,Cash,3733.5825,2.3414508719172535,0.36666666666666664
CUST10483,19,139944.62624999997,7,87.52,8,8.6,1,4,26.0,Ibadan,Business,Card,11662.052187499998,0.75046825886964,1.1940298507462686
CUST10484,38,44147.37,16,100.15,7,6.6,2,4,7.5,Kano,Family,Cash,3678.9475,2.7222459684461384,0.42944785276073616
CUST10485,29,62234.52,42,66.79,8,10.0,1,3,8.6,Kano,Business,Cash,5186.21,1.2878383250967471,0.19184652278177458
CUST10486,21,91859.31,3,86.01,15,6.6,1,7,12.3,Lagos,Business,Card,7654.9425,1.1235877996470907,4.6875
CUST10487,30,25209.78,10,31.97,14,6.8,1,0,11.9,Lagos,Student,Card,2100.815,1.5217903527916545,1.4285714285714284
CUST10488,25,20882.02,10,107.69,10,4.7,1,4,17.0,Ibadan,Student,USSD,1740.1683333333333,6.18848176565294,1.0309278350515465
CUST10489,58,23765.2,17,47.32,6,6.9,0,5,15.1,Port Harcourt,Business,Bank Transfer,1980.4333333333334,2.389376062477909,0.35294117647058826
CUST10490,49,110140.24,91,132.02,13,6.942268041237114,0,3,9.9,Port Harcourt,Business,Cash,9178.353333333334,1.438384372505453,0.14325068870523416
CUST10491,38,40601.75,2,76.91,4,4.9,2,0,11.4,Abuja,Family,Bank Transfer,3383.4791666666665,2.2731039918230125,1.9047619047619047
CUST10492,56,139944.62624999997,22,81.46,4,6.1,4,5,17.6,Lagos,Professional,USSD,11662.052187499998,0.6985048488062257,0.18264840182648404
CUST10493,38,40326.02,6,69.78,7,7.6,1,4,4.4,Abuja,Family,Card,3360.5016666666666,2.0764756849299784,1.1864406779661016
CUST10494,28,60875.84,91,86.27,10,6.1,1,1,10.6,Abuja,Professional,Card,5072.986666666667,1.7005761234670438,0.11019283746556474
CUST10495,56,128444.08,4,120.75,13,5.7,3,0,15.3,Lagos,Professional,Card,10703.673333333334,1.1281173877379167,3.611111111111111
CUST10496,44,139944.62624999997,16,24.05,6,8.4,1,3,5.6,Lagos,Professional,USSD,11662.052187499998,0.2062244244265864,0.3870967741935484
CUST10497,26,139944.62624999997,40,120.14,10,6.942268041237114,0,4,0.0,Abuja,Professional,Cash,11662.052187499998,1.0301788919172594,0.24875621890547261
CUST10498,36,106904.36,37,96.38,5,5.0,1,4,20.7,Port Harcourt,Professional,USSD,8908.696666666667,1.0818642008614054,0.13661202185792348
CUST10499,27,96598.92,16,56.14,11,7.3,0,1,11.9,Lagos,Business,Card,8049.91,0.6973991013564127,0.6666666666666666
CUST10500,21,76189.45,13,59.14,6,8.5,1,2,4.5,Port Harcourt,Business,Cash,6349.120833333333,0.9314675457035062,0.46875
CUST10501,49,84388.55,15,128.13,8,7.5,3,1,17.5,Ibadan,Business,Card,7032.379166666667,1.822000733511833,0.5263157894736842
CUST10502,61,40616.77,9,62.1,4,6.6,1,1,10.8,Abuja,Business,Card,3384.730833333333,1.834710145587648,0.4347826086956522
CUST10503,21,35069.22,7,56.72,8,6.5,2,0,5.8,Ibadan,Professional,USSD,2922.435,1.940847272907695,1.1594202898550725
CUST10504,45,54898.02,20,115.02,9,8.8,2,4,14.2,Ibadan,Business,USSD,4574.835,2.5141890363259,0.45454545454545453
CUST10505,30,50085.5,9,94.21,11,8.5,2,3,12.3,Lagos,Business,Bank Transfer,4173.791666666667,2.2571802218206862,1.1702127659574468
CUST10506,32,42865.09,10,62.37,8,7.1,1,1,8.3,Lagos,Business,Card,3572.090833333333,1.7460362266823657,0.7843137254901962
CUST10507,31,80668.35,32,92.98,8,6.5,2,5,7.4,Abuja,Family,Cash,6722.3625,1.383144690575672,0.24922118380062305
CUST10508,28,93014.1,91,67.66,9,7.1,1,5,5.8,Port Harcourt,Professional,Card,7751.175,0.872899915174151,0.09917355371900827
CUST10509,39,57740.39,28,114.74,13,5.7,0,3,16.4,Abuja,Student,Cash,4811.699166666666,2.3846046069311275,0.4676258992805755
CUST10510,28,123961.96,2,111.73,10,6.7,0,7,4.5,Abuja,Student,Bank Transfer,10330.163333333334,1.08158986837575,4.166666666666667
CUST10511,41,29353.28,2,98.49,9,6.1,3,1,7.2,Port Harcourt,Business,Card,2446.1066666666666,4.026398412715717,3.75
CUST10512,37,49443.0,91,101.3,8,6.8,2,3,12.6,Lagos,Professional,Cash,4120.25,2.458588677871488,0.08820286659316427
CUST10513,35,37080.12,11,129.88,7,6.2,1,5,20.8,Ibadan,Business,Cash,3090.01,4.203222643292416,0.6603773584905661
CUST10514,27,19702.35,3,85.22,12,7.9,0,2,12.8,Lagos,Professional,Bank Transfer,1641.8625,5.190446824871145,4.137931034482759
CUST10515,31,52554.92,27,57.65,2,8.5,2,2,15.5,Ibadan,Family,USSD,4379.576666666667,1.3163372715627766,0.07299270072992702
CUST10516,47,51437.74,29,98.58,6,6.3,1,2,12.6,Lagos,Student,Bank Transfer,4286.4783333333335,2.299789998549703,0.20477815699658702
CUST10517,44,126435.28,31,139.66,6,5.5,1,5,17.4,Lagos,Professional,Cash,10536.273333333333,1.3255161059476437,0.1910828025477707
CUST10518,26,77810.75,9,60.38,6,8.3,1,2,23.6,Lagos,Professional,Bank Transfer,6484.229166666667,0.9311823880376426,0.6451612903225806
CUST10519,39,31312.91,1,76.04,13,7.3,2,1,9.4,Ibadan,Family,USSD,2609.409166666667,2.9140696281501786,13.0
CUST10520,47,139944.62624999997,91,103.46,6,6.3,3,3,12.1,Lagos,Student,Card,11662.052187499998,0.887150891940733,0.06611570247933884
CUST10521,18,107651.78,9,84.35,6,9.5,3,3,13.0,Port Harcourt,Family,Bank Transfer,8970.981666666667,0.9402538443860379,0.6896551724137931
CUST10522,45,75753.67,34,63.15,9,6.0,0,1,15.2,Ibadan,Professional,Bank Transfer,6312.805833333333,1.000347573919521,0.26627218934911245
CUST10523,30,48558.39,37,115.99,8,3.4,2,5,12.8,Port Harcourt,Business,Card,4046.5325,2.8664047551823693,0.2173913043478261
CUST10524,45,32448.09,28,145.26,14,5.7,3,2,8.7,Abuja,Student,Bank Transfer,2704.0075,5.372026519896856,0.49645390070921985
CUST10525,29,44818.43,11,90.8,6,9.9,3,4,12.0,Ibadan,Family,USSD,3734.869166666667,2.4311427240980996,0.5309734513274336
CUST10526,18,100097.52,10,63.16,4,6.4,2,5,26.6,Ibadan,Professional,Cash,8341.460000000001,0.7571815965070862,0.42105263157894735
CUST10527,18,139944.62624999997,27,48.46,9,6.1,1,4,13.9,Abuja,Family,Bank Transfer,11662.052187499998,0.41553578410446473,0.32967032967032966
CUST10528,39,128524.19,60,96.27,7,7.0,2,5,0.5,Port Harcourt,Professional,Card,10710.349166666667,0.8988502475681814,0.11608623548922056
CUST10529,41,42033.46,88,119.63,8,8.8,2,4,9.6,Ibadan,Family,Card,3502.7883333333334,3.4152791609351216,0.09090909090909091
CUST10530,27,29711.78,3,97.15,8,6.9,1,4,12.1,Ibadan,Business,Bank Transfer,2475.9816666666666,3.923696257847898,2.3529411764705883
CUST10531,46,59431.28,5,85.34,10,8.1,1,2,11.2,Abuja,Student,Card,4952.606666666667,1.7231330033611931,2.0
CUST10532,18,57402.75,87,77.22,6,6.7,1,6,11.6,Ibadan,Student,Cash,4783.5625,1.6142780615911259,0.06904487917146145
CUST10533,37,65698.46,40,60.9,4,8.1,3,0,13.7,Lagos,Family,Cash,5474.871666666667,1.1123548405853045,0.1
CUST10534,23,50711.45,64,111.02,10,7.3,1,1,15.1,Abuja,Family,Card,4225.954166666666,2.6270990082121495,0.15527950310559005
CUST10535,30,42564.18,7,87.41999999999999,10,6.3,1,0,13.6,Lagos,Professional,Bank Transfer,3547.015,2.4646075643886474,1.4705882352941178
CUST10536,39,22879.62,27,48.48,5,7.5,1,2,17.7,Lagos,Professional,Bank Transfer,1906.635,2.54269957280759,0.18796992481203006
CUST10537,28,72952.84,36,127.64,7,6.0,4,1,3.0,Port Harcourt,Student,Card,6079.403333333333,2.0995481464463897,0.19337016574585633
CUST10538,33,41031.81,34,102.09,8,4.5,0,2,10.5,Abuja,Professional,Cash,3419.3174999999997,2.985683546497218,0.23391812865497075
CUST10539,50,28901.08,16,121.25,4,7.0,0,7,14.6,Lagos,Professional,Cash,2408.4233333333336,5.034413938856264,0.25477707006369427
CUST10540,31,11331.53,1,51.53,7,4.7,1,5,13.5,Abuja,Business,Bank Transfer,944.2941666666667,5.456985949823193,7.0
CUST10541,48,54173.94,26,52.95,12,8.1,3,2,8.1,Abuja,Professional,Cash,4514.495,1.1728886619655134,0.4580152671755725
CUST10542,24,139944.62624999997,9,81.98,8,6.9,1,1,8.8,Ibadan,Family,USSD,11662.052187499998,0.7029637552803141,0.9090909090909091
CUST10543,44,137143.22,18,99.01,6,9.6,1,2,6.9,Ibadan,Business,Cash,11428.601666666667,0.8663352078214294,0.335195530726257
CUST10544,55,42773.99,91,137.49,5,6.4,1,5,17.9,Abuja,Professional,Bank Transfer,3564.4991666666665,3.8572038755327713,0.05509641873278237
CUST10545,18,39492.73,15,103.87,8,7.0,0,5,0.9,Ibadan,Family,Cash,3291.0608333333334,3.1561251906363523,0.5228758169934641
CUST10546,28,71176.24,55,83.33,9,4.4,1,2,4.3,Abuja,Business,Cash,5931.3533333333335,1.4049070307731906,0.1639344262295082
CUST10547,45,31760.43,6,59.84,16,5.0,1,4,14.5,Port Harcourt,Professional,Card,2646.7025,2.2609265680596895,2.5396825396825395
CUST10548,36,64930.58,34,118.43,9,4.0,1,1,15.3,Ibadan,Professional,USSD,5410.881666666667,2.188737571726604,0.26865671641791045
CUST10549,42,83820.48,91,69.94,6,8.9,1,1,2.5,Abuja,Business,Card,6985.04,1.0012827414016239,0.06611570247933884
CUST10550,31,108001.64,3,125.97,11,6.2,1,1,15.8,Port Harcourt,Business,Cash,9000.136666666667,1.3996454127918798,3.4375
CUST10551,39,52052.27,1,77.97,9,9.4,0,5,13.1,Lagos,Professional,Cash,4337.689166666666,1.7975008582718874,9.0
CUST10552,38,49171.42,17,126.13,8,2.2000000000000006,1,2,15.1,Lagos,Student,Card,4097.618333333333,3.07812953134158,0.4678362573099415
CUST10553,52,57402.75,3,102.21,8,9.8,1,4,12.4,Port Harcourt,Professional,USSD,4783.5625,2.1366920574362727,2.7586206896551726
CUST10554,41,57402.75,41,84.89,7,6.9,1,4,14.6,Ibadan,Professional,Bank Transfer,4783.5625,1.7746188118165072,0.16908212560386474
CUST10555,42,48558.53,74,77.92,7,7.6,1,5,14.8,Abuja,Professional,Card,4046.5441666666666,1.925593711341756,0.0948509485094851
CUST10556,33,67315.08,17,77.84,7,5.1,4,4,14.8,Ibadan,Family,Cash,5609.59,1.3876236944233,0.4093567251461988
CUST10557,32,90904.07,9,96.43,7,7.9,0,3,13.5,Ibadan,Business,Cash,7575.339166666668,1.2729463048244154,0.7777777777777778
CUST10558,33,35360.12,17,88.3,12,6.3,0,3,11.5,Lagos,Professional,Bank Transfer,2946.6766666666667,2.9965961653976287,0.7017543859649122
CUST10559,43,124999.77,39,73.24,11,4.9,1,3,11.5,Abuja,Business,Cash,10416.647500000001,0.7031052937137403,0.2849740932642487
CUST10560,33,47380.71,1,87.41999999999999,7,4.8,0,5,13.4,Port Harcourt,Student,Cash,3948.3925,2.2140655975818007,7.0
CUST10561,41,54357.42,27,89.1,4,4.8,1,4,17.0,Abuja,Student,Bank Transfer,4529.785,1.966980772818136,0.149812734082397
CUST10562,63,36465.51,28,34.06,14,7.7,0,3,23.8,Lagos,Professional,Cash,3038.7925,1.1208399388902006,0.49122807017543857
CUST10563,48,14497.86,30,98.89,10,5.9,2,2,15.2,Ibadan,Student,Cash,1208.155,8.185208023804892,0.32786885245901637
CUST10564,34,89439.12,8,61.17,11,4.0,2,4,14.3,Kano,Professional,USSD,7453.259999999999,0.8207146939728389,1.325301204819277
CUST10565,52,82483.42,38,59.17,5,7.7,1,5,19.3,Abuja,Business,Card,6873.618333333333,0.8608275457055491,0.13297872340425532
CUST10566,33,47115.55,3,43.05,13,3.1,1,1,14.4,Port Harcourt,Professional,USSD,3926.2958333333336,1.0964532940823146,4.482758620689656
CUST10567,18,57064.26,7,40.69,8,9.4,0,5,5.6,Lagos,Family,USSD,4755.3550000000005,0.8556669270748449,1.1940298507462686
CUST10568,26,73046.76,63,56.15,5,10.0,0,5,7.6,Abuja,Professional,Cash,6087.23,0.9224228425737159,0.07936507936507936
CUST10569,18,23287.88,40,70.5,7,4.6,3,2,23.0,Ibadan,Student,Card,1940.6566666666668,3.632790962509254,0.17369727047146402
CUST10570,34,41114.23,1,133.91,8,8.9,3,2,7.7,Ibadan,Family,Card,3426.1858333333334,3.9084278119765345,8.0
CUST10571,38,85129.94,9,72.54,10,7.6,1,2,15.4,Abuja,Business,Cash,7094.161666666667,1.0225309685405628,1.1627906976744187
CUST10572,58,27590.57,7,90.02,5,6.1,0,2,6.1,Port Harcourt,Professional,USSD,2299.2141666666666,3.915250754152596,0.6944444444444444
CUST10573,42,64637.2,10,95.77,5,6.2,3,4,19.7,Port Harcourt,Family,USSD,5386.433333333333,1.7779854325373003,0.5263157894736842
CUST10574,35,26081.16,8,88.96,4,8.2,2,3,9.2,Abuja,Business,USSD,2173.43,4.093069480038465,0.47058823529411764
CUST10575,48,71084.53,2,83.22,5,6.9,0,1,12.5,Lagos,Family,Card,5923.7108333333335,1.4048626332621175,2.6315789473684212
CUST10576,18,53932.34,18,56.59,12,2.3,3,5,10.6,Abuja,Professional,Cash,4494.361666666667,1.2591332028241313,0.6521739130434783
CUST10577,41,22623.99,40,124.44,2,10.0,0,2,15.0,Port Harcourt,Family,Card,1885.3325000000002,6.600427245591957,0.050505050505050504
CUST10578,47,104369.74,28,132.42,7,6.942268041237114,2,3,13.0,Lagos,Professional,USSD,8697.478333333334,1.5225102601577811,0.25
CUST10579,20,36719.5,34,45.62,9,6.9,2,0,17.5,Lagos,Family,Card,3059.9583333333335,1.4908699737196855,0.26865671641791045
CUST10580,52,35222.83,2,59.6,9,5.7,0,1,15.9,Lagos,Professional,Card,2935.2358333333336,2.0305012402467377,3.6
CUST10581,42,61414.52,91,85.27,7,6.7,2,3,13.7,Abuja,Student,Cash,5117.876666666666,1.6661206502957282,0.07713498622589532
CUST10582,33,103449.52,55,65.26,10,9.3,3,2,15.9,Port Harcourt,Family,Cash,8620.793333333333,0.7570068957304008,0.18281535648994515
CUST10583,46,139944.62624999997,49,101.57,8,7.5,1,2,16.2,Lagos,Professional,Card,11662.052187499998,0.8709444818714502,0.1629327902240326
CUST10584,65,56897.82,52,70.95,10,7.7,0,3,9.6,Lagos,Professional,Bank Transfer,4741.485,1.4963666446271582,0.1926782273603083
CUST10585,40,69629.08,81,145.6,10,4.8,1,2,9.2,Ibadan,Business,Cash,5802.423333333333,2.50929640316948,0.12345679012345678
CUST10586,41,80522.87,24,116.65,3,6.4,3,3,21.3,Lagos,Business,Bank Transfer,6710.239166666666,1.738388112594596,0.1271186440677966
CUST10587,32,60604.92,7,90.85,4,7.1,3,5,16.2,Abuja,Professional,Cash,5050.41,1.7988638546177438,0.5970149253731343
CUST10588,28,44946.27,29,112.98,7,8.3,4,3,14.4,Ibadan,Professional,USSD,3745.5224999999996,3.0164015834906883,0.24305555555555555
CUST10589,48,34888.55,41,115.91,7,6.3,1,5,7.2,Port Harcourt,Professional,Bank Transfer,2907.379166666667,3.986752100617537,0.17199017199017197
CUST10590,28,57668.57,40,74.12,8,8.7,1,4,1.3,Kano,Professional,USSD,4805.714166666667,1.5423305970652648,0.1990049751243781
CUST10591,39,30497.87,22,66.36,4,4.9,2,4,10.2,Abuja,Business,USSD,2541.4891666666667,2.611067592589253,0.18099547511312217
CUST10592,32,57402.75,2,87.12,9,7.1,1,4,9.3,Lagos,Family,Card,4783.5625,1.821236787436142,4.285714285714286
CUST10593,44,69926.25,14,107.65,13,6.8,2,2,10.1,Port Harcourt,Professional,USSD,5827.1875,1.8473749128546146,0.935251798561151
CUST10594,42,90422.88,76,94.56,8,4.3,2,2,17.1,Port Harcourt,Family,USSD,7535.240000000001,1.254903626161874,0.10512483574244416
CUST10595,50,14995.05,26,47.68,9,6.9,1,5,21.2,Lagos,Family,USSD,1249.5874999999999,3.8156591675252836,0.34220532319391633
CUST10596,32,31562.87,23,66.78,10,6.0,1,5,18.7,Abuja,Family,USSD,2630.2391666666667,2.5389326129087753,0.4310344827586207
CUST10597,35,77313.46,9,83.9,5,9.5,1,1,8.4,Ibadan,Family,Card,6442.788333333334,1.3022312026909673,0.5319148936170213
CUST10598,26,139944.62624999997,14,84.21,6,6.3,3,3,15.2,Lagos,Student,Card,11662.052187499998,0.7220856041980391,0.43478260869565216
CUST10599,33,55632.62,68,139.73,5,7.6,0,7,9.1,Abuja,Student,USSD,4636.051666666667,3.013987117629908,0.07385524372230429
CUST10600,43,57402.75,33,52.99,10,4.8,0,3,1.0,Abuja,Professional,Bank Transfer,4783.5625,1.1077518063158995,0.303951367781155
CUST10601,47,57402.75,46,101.36,7,7.4,3,6,11.5,Kano,Professional,Cash,4783.5625,2.118922873904125,0.15086206896551724
CUST10602,27,117157.04,18,123.68,9,6.3,3,1,19.6,Ibadan,Student,Bank Transfer,9763.086666666666,1.2668124766552655,0.4945054945054945
CUST10603,48,38553.73,30,144.17,11,5.6,3,3,10.0,Kano,Business,USSD,3212.8108333333334,4.487347916790411,0.36912751677852346
CUST10604,54,57402.75,9,75.58,7,10.0,1,2,17.0,Abuja,Professional,Card,4783.5625,1.5799939898349817,0.813953488372093
CUST10605,43,42174.86,37,100.22,8,6.4,1,1,8.0,Lagos,Business,USSD,3514.5716666666667,2.851556590822115,0.217983651226158
CUST10606,61,32557.33,17,100.58,9,6.6,0,2,16.1,Abuja,Student,USSD,2713.1108333333336,3.707183605043779,0.5389221556886228
CUST10607,29,58838.82,18,91.29,9,8.6,1,3,10.5,Port Harcourt,Student,Card,4903.235,1.8618320353807234,0.5142857142857142
CUST10608,23,57402.75,31,85.04,5,5.6,0,4,21.1,Kano,Professional,Bank Transfer,4783.5625,1.7777545500868863,0.15923566878980894
CUST10609,18,65695.26,83,102.51,10,7.7,1,2,10.1,Ibadan,Professional,Cash,5474.605,1.872463858123098,0.12106537530266345
CUST10610,56,47872.38,2,22.434999999999988,8,7.9,3,2,8.7,Abuja,Business,USSD,3989.365,0.5623702017739662,4.0
CUST10611,46,46844.66,52,106.23,11,7.4,3,3,20.8,Port Harcourt,Student,Card,3903.721666666667,2.7212493377046605,0.210727969348659
CUST10612,37,23279.62,10,88.98,8,10.0,2,5,8.5,Port Harcourt,Professional,Cash,1939.9683333333332,4.586672806514883,0.7692307692307692
CUST10613,41,89393.11,18,80.85,5,5.6,0,3,13.3,Lagos,Business,Cash,7449.425833333334,1.0853185441249331,0.28409090909090906
CUST10614,24,52695.11,1,136.25,9,9.8,2,3,8.6,Abuja,Professional,Cash,4391.259166666667,3.1027546958342054,9.0
CUST10615,67,49802.7,11,68.99,9,7.8,1,2,17.5,Port Harcourt,Student,Card,4150.224999999999,1.6623195127974988,0.8411214953271029
CUST10616,40,139944.62624999997,21,76.6,9,8.6,1,1,19.8,Ibadan,Professional,USSD,11662.052187499998,0.6568312229137846,0.42857142857142855
CUST10617,39,64822.14,2,134.93,5,7.6,2,3,8.0,Abuja,Professional,Card,5401.845,2.4978502715275983,2.9411764705882355
CUST10618,47,36373.78,20,87.41999999999999,10,10.0,2,4,15.3,Ibadan,Professional,USSD,3031.148333333333,2.8840554927203055,0.49261083743842365
CUST10619,44,43503.29,79,77.53,10,6.4,3,2,15.8,Port Harcourt,Professional,Bank Transfer,3625.2741666666666,2.1385968739375807,0.1272264631043257
CUST10620,41,103438.61,3,81.59,9,7.9,1,1,12.8,Lagos,Business,Cash,8619.884166666667,0.9465324408361637,2.7272727272727275
CUST10621,29,58535.41,43,109.49,8,9.3,1,5,21.2,Lagos,Business,USSD,4877.950833333333,2.244590069498104,0.18433179723502305
CUST10622,44,24935.2,16,91.46,8,6.0,0,2,21.1,Lagos,Student,Bank Transfer,2077.9333333333334,4.401488658603099,0.5063291139240506
CUST10623,61,91186.7,32,55.24,10,8.8,3,2,6.9,Abuja,Student,Card,7598.891666666666,0.7269481185304436,0.31347962382445144
CUST10624,54,38086.27,9,72.42,10,7.0,1,5,19.3,Lagos,Professional,Cash,3173.855833333333,2.2817671565107323,1.1111111111111112
CUST10625,57,139944.62624999997,5,70.23,3,4.8,0,1,15.0,Abuja,Family,USSD,11662.052187499998,0.6022096186062023,0.5769230769230769
CUST10626,32,99619.67,5,83.49,14,4.4,0,3,13.5,Ibadan,Professional,Cash,8301.639166666666,1.005704997818202,2.692307692307692
CUST10627,26,57402.75,2,95.82,11,6.8,1,6,10.6,Port Harcourt,Business,Cash,4783.5625,2.003109607118126,5.0
CUST10628,36,111262.49,6,95.95,8,8.8,2,4,3.1,Kano,Family,Cash,9271.874166666666,1.034850109861823,1.2903225806451613
CUST10629,38,57091.41,33,43.22,8,3.3,0,6,13.7,Lagos,Student,Card,4757.6175,0.9084378893427223,0.24464831804281342
CUST10630,51,87913.97,64,116.72,8,7.4,3,0,13.8,Abuja,Family,Cash,7326.1641666666665,1.593193891710271,0.125
CUST10631,18,71803.72,50,95.35,9,8.6,1,3,24.0,Lagos,Student,USSD,5983.643333333333,1.5935107540389273,0.1782178217821782
CUST10632,56,34530.29,35,122.39,12,4.7,3,5,8.0,Ibadan,Professional,Card,2877.5241666666666,4.253309196071044,0.34582132564841495
CUST10633,36,38604.96,4,96.39,13,5.9,1,3,2.4,Lagos,Student,Bank Transfer,3217.08,2.9961953075459737,3.7142857142857144
CUST10634,33,96912.8,10,113.35,11,8.0,0,4,4.9,Abuja,Student,USSD,8076.066666666667,1.4035297710931889,1.0784313725490198
CUST10635,26,45750.68,11,97.55,7,8.5,3,1,21.5,Port Harcourt,Family,Card,3812.556666666667,2.5586504943751653,0.6306306306306306
CUST10636,18,57402.75,9,119.35,7,9.9,2,7,9.3,Abuja,Family,USSD,4783.5625,2.4950024171315834,0.813953488372093
CUST10637,48,32525.22,22,99.79,5,5.9,1,2,20.2,Ibadan,Student,USSD,2710.435,3.681696849398713,0.2304147465437788
CUST10638,39,69429.56,23,84.39,6,5.5,2,4,12.0,Lagos,Business,Bank Transfer,5785.796666666666,1.4585718244505657,0.2608695652173913
CUST10639,23,139944.62624999997,13,142.87,3,6.942268041237114,2,4,6.2,Abuja,Professional,Card,11662.052187499998,1.2250845537557755,0.2272727272727273
CUST10640,22,30575.23,13,108.27,9,5.6,3,1,24.0,Kano,Student,Cash,2547.9358333333334,4.249322081959808,0.6870229007633588
CUST10641,34,55737.54,53,103.58,13,7.9,1,3,19.9,Port Harcourt,Student,USSD,4644.795,2.2300230688329625,0.2457466918714556
CUST10642,58,119588.24,47,56.83,7,10.0,1,3,10.9,Abuja,Family,USSD,9965.686666666666,0.5702567409638272,0.14989293361884368
CUST10643,35,52642.85,11,53.68,7,8.4,0,6,18.0,Lagos,Business,USSD,4386.904166666666,1.2236419570748926,0.6363636363636364
CUST10644,20,139944.62624999997,74,98.2,11,8.4,2,4,12.7,Kano,Family,USSD,11662.052187499998,0.8420473379913008,0.14965986394557823
CUST10645,35,30661.77,91,95.97,6,9.3,4,3,14.6,Ibadan,Business,USSD,2555.1475,3.755947552929919,0.06611570247933884
CUST10646,35,69609.57,12,70.6,9,7.9,1,3,22.6,Port Harcourt,Professional,Card,5800.797500000001,1.2170740316309954,0.7563025210084033
CUST10647,18,49620.49,13,87.41999999999999,13,8.4,3,3,2.9,Ibadan,Professional,USSD,4135.0408333333335,2.114126644053696,0.9923664122137404
CUST10648,37,94583.66,21,126.41,11,6.4,1,3,9.8,Abuja,Professional,USSD,7881.971666666667,1.60378653141568,0.5213270142180094
CUST10649,35,105677.87,85,109.18,11,9.1,1,4,12.2,Lagos,Family,USSD,8806.489166666666,1.2397676069739105,0.12941176470588237
CUST10650,46,139944.62624999997,63,61.49,8,7.7,2,3,14.0,Lagos,Professional,Cash,11662.052187499998,0.527265690560948,0.12759170653907495
CUST10651,60,75651.06,3,87.41999999999999,12,4.3,2,1,4.5,Port Harcourt,Business,Cash,6304.255,1.3866824866697172,3.75
CUST10652,52,65793.51,15,66.07,12,7.4,0,4,17.5,Abuja,Student,Card,5482.7925,1.2050428682099494,0.8
CUST10653,35,61205.96,24,77.24,15,3.1,3,5,5.1,Kano,Professional,USSD,5100.496666666667,1.5143623268060822,0.6198347107438017
CUST10654,25,45290.25,21,76.34,4,8.3,1,5,4.5,Port Harcourt,Professional,USSD,3774.1875,2.022687002169341,0.19047619047619047
CUST10655,69,57402.75,6,73.58,6,6.6,3,3,10.5,Ibadan,Family,Bank Transfer,4783.5625,1.538184146229928,0.9230769230769231
CUST10656,39,46752.25,59,58.32,5,10.0,3,3,23.4,Abuja,Professional,Cash,3896.0208333333335,1.4969119133303743,0.08517887563884156
CUST10657,38,60339.49,34,84.52,8,7.9,2,5,27.2,Abuja,Professional,Bank Transfer,5028.2908333333335,1.68088924848387,0.2359882005899705
CUST10658,38,113523.72,55,75.35,10,8.7,2,3,14.9,Lagos,Professional,USSD,9460.31,0.7964855274298622,0.18315018315018314
CUST10659,40,31618.26,59,22.434999999999988,7,5.1,1,2,10.6,Abuja,Family,USSD,2634.855,0.8514700049907864,0.11925042589437819
CUST10660,36,102952.36,41,139.64,7,8.2,2,3,12.9,Ibadan,Family,Bank Transfer,8579.363333333333,1.627626603217255,0.16908212560386474
CUST10661,31,113493.6,17,113.61,3,5.8,2,1,14.0,Lagos,Family,Card,9457.800000000001,1.2012307301909533,0.1724137931034483
CUST10662,31,51541.92,28,77.86,10,9.0,2,4,20.8,Ibadan,Professional,Card,4295.16,1.8127380586520643,0.35335689045936397
CUST10663,38,17121.12,5,85.89,9,5.0,1,5,4.7,Ibadan,Business,Bank Transfer,1426.76,6.019933275393199,1.7307692307692306
CUST10664,38,39371.06,34,58.4,8,7.2,1,3,19.2,Port Harcourt,Business,USSD,3280.9216666666666,1.7799876355881705,0.23809523809523808
CUST10665,29,112244.57,6,87.41999999999999,9,4.9,2,3,3.4,Abuja,Professional,Bank Transfer,9353.714166666667,0.934602003464399,1.5254237288135593
CUST10666,39,54312.57,36,135.27,7,7.2,1,1,9.1,Lagos,Professional,Cash,4526.0475,2.988700405817659,0.19718309859154928
CUST10667,35,31744.42,8,89.54,7,10.0,4,2,12.0,Lagos,Professional,Card,2645.3683333333333,3.3847838454758348,0.8974358974358975
CUST10668,56,41666.9,4,110.89,10,8.3,2,2,14.5,Lagos,Professional,Bank Transfer,3472.241666666667,3.1936141157609517,2.6315789473684212
CUST10669,18,87328.27,5,89.82,6,6.9,3,6,12.0,Abuja,Business,Card,7277.355833333334,1.234239496557071,1.111111111111111
CUST10670,51,74294.48,1,51.66,6,2.6,1,5,13.1,Lagos,Family,Cash,6191.206666666666,0.8344092320183141,6.0
CUST10671,53,48227.07,38,77.75,8,6.0,0,4,12.2,Kano,Business,USSD,4018.9225,1.934598141666081,0.2099737532808399
CUST10672,18,44951.3,40,91.46,11,7.9,2,6,2.9,Abuja,Professional,USSD,3745.941666666667,2.441575660770656,0.27848101265822783
CUST10673,34,44339.07,22,75.37,8,6.1,1,4,15.5,Lagos,Family,USSD,3694.9225,2.0398262751113183,0.3686635944700461
CUST10674,34,33115.7,5,87.41999999999999,11,9.6,3,1,16.9,Port Harcourt,Professional,Card,2759.6416666666664,3.1678025830648298,2.0754716981132075
CUST10675,21,133725.58,3,82.92,8,7.1,3,6,20.1,Ibadan,Student,Cash,11143.798333333332,0.7440909959037008,3.0769230769230766
CUST10676,29,46065.16,1,83.06,10,8.9,0,2,23.1,Port Harcourt,Family,Bank Transfer,3838.763333333334,2.1637176555991555,10.0
CUST10677,25,107422.58,5,86.74,6,7.4,0,2,14.5,Abuja,Student,USSD,8951.881666666666,0.9689582953602492,1.111111111111111
CUST10678,59,126983.48,66,63.8,8,6.5,0,3,20.5,Kano,Family,Card,10581.956666666667,0.602913071842101,0.12030075187969924
CUST10679,49,57402.75,8,67.74,7,6.2,4,5,12.1,Kano,Family,USSD,4783.5625,1.4160994029031708,0.8433734939759036
CUST10680,53,43377.55,13,53.94,7,5.2,4,3,3.3,Ibadan,Business,Cash,3614.7958333333336,1.4922004585321207,0.5343511450381679
CUST10681,47,68674.97,3,109.71,3,9.0,3,3,17.8,Lagos,Student,Bank Transfer,5722.9141666666665,1.917030324148667,0.9090909090909092
CUST10682,24,54272.93,8,32.96,11,6.2,1,1,16.4,Ibadan,Family,USSD,4522.744166666666,0.7287610969225359,1.4666666666666666
CUST10683,32,33458.21,22,115.6,7,7.9,1,2,12.0,Lagos,Business,Cash,2788.1841666666664,4.146067586998827,0.3181818181818182
CUST10684,44,65741.53,28,121.9,6,6.942268041237114,2,3,11.6,Ibadan,Business,Card,5478.4608333333335,2.225077511886322,0.21352313167259784
CUST10685,23,28756.43,8,78.12,11,5.1,1,1,14.9,Lagos,Family,Cash,2396.369166666667,3.259931778736095,1.3095238095238095
CUST10686,47,105694.92,2,22.434999999999988,2,8.0,0,1,10.0,Ibadan,Family,Card,8807.91,0.2547142284605541,1.1111111111111112
CUST10687,35,42597.42,15,77.16,7,6.942268041237114,1,4,14.7,Ibadan,Professional,USSD,3549.785,2.173652770519905,0.4697986577181208
CUST10688,34,61434.46,8,84.04,9,6.3,1,2,6.5,Lagos,Family,USSD,5119.538333333333,1.6415542677513568,1.125
CUST10689,47,64273.12,7,60.33,8,4.8,0,4,7.1,Ibadan,Family,Cash,5356.093333333333,1.1263806704886894,1.081081081081081
CUST10690,43,47700.19,91,79.84,12,6.1,2,4,4.1,Lagos,Family,Card,3975.0158333333334,2.0085454586239595,0.1322314049586777
CUST10691,34,75945.41,29,125.55,6,7.0,3,1,25.5,Lagos,Family,Cash,6328.784166666667,1.983793358940323,0.20905923344947736
CUST10692,52,42357.1,24,103.58,13,6.5,2,3,12.4,Abuja,Professional,Cash,3529.758333333333,2.9344785171789383,0.5327868852459017
CUST10693,25,88814.21,16,63.18,11,8.5,4,3,19.2,Ibadan,Student,USSD,7401.184166666667,0.8536471810085344,0.6832298136645962
CUST10694,45,26233.69,17,46.4,12,6.942268041237114,2,1,5.4,Abuja,Family,USSD,2186.1408333333334,2.122461613291916,0.7142857142857143
CUST10695,45,58958.98,23,78.69,4,10.0,2,3,10.9,Port Harcourt,Professional,USSD,4913.248333333334,1.601588087175185,0.17094017094017094
CUST10696,34,139944.62624999997,36,82.52,14,7.8,4,2,15.3,Port Harcourt,Professional,Cash,11662.052187499998,0.707594158157252,0.3910614525139665
CUST10697,42,31726.46,36,100.31,4,3.9,2,5,20.8,Ibadan,Student,Cash,2643.8716666666664,3.79405707412677,0.11019283746556474
CUST10698,23,37885.69,6,72.07,12,6.6,1,5,8.4,Kano,Professional,Bank Transfer,3157.1408333333334,2.2827616443042213,2.1052631578947367
CUST10699,49,72965.19,21,99.45,5,6.8,1,6,9.6,Lagos,Business,Bank Transfer,6080.4325,1.6355744431008814,0.24038461538461536
CUST10700,36,60709.68,16,134.65,6,5.9,2,3,7.2,Lagos,Family,Cash,5059.14,2.6615195468004442,0.3773584905660377
CUST10701,32,66698.32,61,110.29,12,7.1,0,2,11.3,Lagos,Student,Bank Transfer,5558.193333333334,1.9842778648697597,0.19575856443719414
CUST10702,51,71979.84,30,86.19,9,5.8,3,1,5.9,Port Harcourt,Professional,Cash,5998.32,1.436902332653143,0.3010033444816054
CUST10703,30,77978.25,23,82.25,10,7.6,3,2,3.4,Lagos,Professional,USSD,6498.1875,1.2657375614354003,0.43859649122807015
CUST10704,21,101257.63,4,76.38,9,3.6,1,1,13.6,Lagos,Professional,Card,8438.135833333334,0.9051762321515918,2.4324324324324325
CUST10705,19,68905.32,28,116.75,8,9.1,1,3,16.0,Ibadan,Professional,USSD,5742.110000000001,2.033224720529561,0.28673835125448033
CUST10706,45,48165.43,4,69.62,11,4.2,3,4,5.2,Abuja,Business,Cash,4013.7858333333334,1.7345220420538134,2.972972972972973
CUST10707,23,79618.68,12,87.12,7,6.5,3,4,8.0,Port Harcourt,Student,USSD,6634.889999999999,1.3130586942662201,0.5691056910569106
CUST10708,59,139944.62624999997,5,86.65,10,5.7,1,1,11.4,Abuja,Family,Cash,11662.052187499998,0.7430081653456846,2.173913043478261
CUST10709,18,51130.68,35,75.28,7,7.6,1,1,22.2,Lagos,Business,Cash,4260.89,1.7667670369335982,0.19830028328611898
CUST10710,58,57402.75,7,51.24,16,6.7,3,5,0.0,Abuja,Business,Bank Transfer,4783.5625,1.0711681931614776,2.318840579710145
CUST10711,41,57402.75,15,94.27,7,7.5,3,3,14.7,Abuja,Student,Cash,4783.5625,1.970706978324209,0.4697986577181208
CUST10712,37,51476.4,68,88.9,12,9.0,0,0,16.1,Ibadan,Family,Card,4289.7,2.072405995757279,0.17699115044247787
CUST10713,31,16649.25,7,98.05,5,8.4,1,7,7.7,Abuja,Student,Bank Transfer,1387.4375,7.066984999324294,0.7246376811594203
CUST10714,43,87655.57,21,73.36,7,7.1,3,2,9.9,Abuja,Professional,Card,7304.630833333334,1.0042944219061036,0.32863849765258213
CUST10715,38,40972.56,16,116.82,11,7.8,1,5,14.0,Kano,Student,Cash,3414.3799999999997,3.421411793649213,0.6748466257668712
CUST10716,51,52328.43,1,63.16,8,10.0,1,3,11.8,Kano,Business,USSD,4360.7025,1.448390482955441,8.0
CUST10717,39,66017.67,47,131.58,11,8.4,0,2,22.2,Kano,Student,Cash,5501.4725,2.3917233068055874,0.2330508474576271
CUST10718,40,57402.75,2,41.48,6,6.5,1,7,12.6,Ibadan,Professional,Cash,4783.5625,0.867136156368815,2.857142857142857
CUST10719,34,81250.07,19,97.41,9,9.3,3,0,17.2,Kano,Professional,USSD,6770.839166666668,1.4386695297616356,0.46632124352331605
CUST10720,37,43285.41,25,98.86,7,7.7,0,3,14.7,Abuja,Business,USSD,3607.1175000000003,2.7406925335811767,0.2834008097165992
CUST10721,38,57402.75,30,67.49,5,5.3,3,4,16.2,Ibadan,Family,Card,4783.5625,1.4108731724525392,0.16835016835016836
CUST10722,18,47683.36,35,98.41,8,6.7,0,4,7.3,Abuja,Professional,Bank Transfer,3973.6133333333332,2.476587220363666,0.22857142857142856
CUST10723,22,82572.69,9,117.69,4,4.3,1,4,13.2,Lagos,Professional,Bank Transfer,6881.0575,1.7103475737559235,0.45454545454545453
CUST10724,47,77152.6,1,29.66,4,2.9,2,7,11.6,Lagos,Student,Bank Transfer,6429.383333333334,0.46131951483164524,4.0
CUST10725,40,32879.25,39,100.65,4,5.3,1,4,7.7,Lagos,Family,Card,2739.9375,3.6734414562375974,0.10362694300518134
CUST10726,36,99945.33,23,24.51,12,7.2,0,2,17.6,Lagos,Family,Card,8328.7775,0.2942808833589323,0.5217391304347826
CUST10727,38,40958.25,54,65.2,6,7.2,0,1,0.0,Lagos,Family,USSD,3413.1875,1.9102378641665598,0.11049723756906078
CUST10728,42,85778.21,52,129.86,9,4.5,1,2,20.1,Lagos,Student,Bank Transfer,7148.184166666667,1.8166851464958291,0.17408123791102514
CUST10729,32,67312.18,56,74.9,8,2.7,2,0,0.0,Ibadan,Family,Cash,5609.348333333332,1.335270971761723,0.14388489208633093
CUST10730,29,139944.62624999997,20,57.25,4,9.6,1,4,11.1,Ibadan,Family,Card,11662.052187499998,0.49090845315684295,0.20100502512562815
CUST10731,40,48639.06,12,81.03,10,7.2,1,3,17.6,Port Harcourt,Business,Cash,4053.2549999999997,1.9991340293171784,0.819672131147541
CUST10732,26,45386.24,47,140.46,13,9.8,0,1,4.9,Ibadan,Family,Bank Transfer,3782.1866666666665,3.713724688363698,0.2765957446808511
CUST10733,43,54415.68,18,40.65,7,9.7,0,3,14.5,Lagos,Professional,Bank Transfer,4534.64,0.8964327929008695,0.3888888888888889
CUST10734,18,46552.67,6,59.2,6,8.3,2,6,13.9,Ibadan,Professional,Card,3879.3891666666664,1.5260134381121429,0.9836065573770493
CUST10735,50,85396.17,58,127.07,11,7.1,2,4,14.0,Abuja,Student,Card,7116.3475,1.7856070125861614,0.1899827288428325
CUST10736,44,22609.32,64,87.41999999999999,6,6.3,4,1,9.9,Lagos,Family,USSD,1884.11,4.63985648396325,0.09331259720062209
CUST10737,41,30809.03,19,83.92,8,8.3,0,1,9.2,Lagos,Family,Cash,2567.4191666666666,3.268652080250498,0.425531914893617
CUST10738,50,30570.69,2,54.21,6,6.7,4,3,2.6,Lagos,Professional,USSD,2547.5575,2.127920567052952,2.5
CUST10739,58,92758.78,15,138.57,13,5.9,3,3,11.4,Lagos,Student,USSD,7729.8983333333335,1.7926497092781946,0.8843537414965987
CUST10740,50,139944.62624999997,49,128.77,7,3.2,2,7,17.5,Lagos,Student,Cash,11662.052187499998,1.1041795897468414,0.1434426229508197
CUST10741,18,51929.45,70,107.54,5,6.9,3,5,9.3,Lagos,Business,Bank Transfer,4327.454166666666,2.485063870308659,0.07183908045977012
CUST10742,23,50123.06,7,65.24,8,9.0,1,7,9.6,Lagos,Professional,Cash,4176.921666666666,1.561915812801533,1.1764705882352942
CUST10743,31,57402.75,2,83.94,5,9.3,1,3,21.5,Lagos,Professional,Bank Transfer,4783.5625,1.7547591361041064,2.380952380952381
CUST10744,38,104205.64,63,86.03,12,7.1,2,2,11.0,Ibadan,Professional,USSD,8683.803333333333,0.990694937433329,0.19047619047619047
CUST10745,44,33025.8,15,94.46,11,5.4,3,4,14.1,Lagos,Professional,Bank Transfer,2752.15,3.4322257144414365,0.7432432432432432
CUST10746,29,62704.68,23,123.15,11,8.6,1,2,15.2,Lagos,Family,Bank Transfer,5225.39,2.35676188762944,0.47008547008547014
CUST10747,40,94037.33,91,115.25,8,7.0,2,6,11.0,Port Harcourt,Business,Bank Transfer,7836.444166666667,1.470692543057103,0.0881542699724518
CUST10748,29,72452.78,2,58.23,5,6.3,2,3,16.1,Ibadan,Professional,Cash,6037.731666666667,0.9644350430721913,2.380952380952381
CUST10749,31,61044.5,31,121.92,9,4.4,1,1,17.9,Abuja,Family,Bank Transfer,5087.041666666667,2.3966778333838428,0.28662420382165604
CUST10750,21,95383.78,2,93.01,12,10.0,3,2,17.4,Ibadan,Professional,Cash,7948.6483333333335,1.1701360545786716,5.217391304347826
CUST10751,27,12435.5,14,103.31,14,8.3,3,6,18.1,Abuja,Business,Card,1036.2916666666667,9.96920107756021,0.9929078014184397
CUST10752,22,79851.18,49,125.57,4,8.5,3,4,0.0,Lagos,Professional,Card,6654.264999999999,1.8870604041167582,0.081799591002045
CUST10753,26,38382.11,17,58.57,6,5.4,4,3,5.0,Abuja,Student,USSD,3198.5091666666667,1.8311656133547634,0.35294117647058826
CUST10754,51,20095.28,91,93.7,11,7.1,2,4,8.9,Port Harcourt,Professional,USSD,1674.6066666666666,5.595343782221497,0.12121212121212122
CUST10755,27,72856.71,25,73.68,9,6.9,0,3,7.2,Abuja,Student,Cash,6071.392500000001,1.2135601511514862,0.36585365853658536
CUST10756,70,117078.59,12,46.73,10,8.4,2,4,7.7,Port Harcourt,Student,Bank Transfer,9756.549166666666,0.4789603291259316,0.8620689655172414
CUST10757,44,50995.45,8,94.26,5,9.4,1,2,17.3,Lagos,Family,Bank Transfer,4249.620833333333,2.218080240492044,0.6666666666666666
CUST10758,40,92889.83,13,148.82,4,4.4,0,7,12.6,Kano,Family,Card,7740.819166666667,1.9225355456027855,0.31007751937984496
CUST10759,28,133497.96,14,40.12,5,6.942268041237114,2,3,11.2,Abuja,Professional,Cash,11124.83,0.3606347243058995,0.35714285714285715
CUST10760,46,113356.32,2,84.36,8,8.2,2,4,10.6,Abuja,Family,Bank Transfer,9446.36,0.8930423994004039,3.8095238095238093
CUST10761,31,135546.35,14,102.12,12,6.1,2,6,9.6,Port Harcourt,Family,Bank Transfer,11295.529166666667,0.9040745103058844,0.8695652173913043
CUST10762,38,82723.47,19,89.57,6,8.5,3,4,10.5,Port Harcourt,Family,Cash,6893.6225,1.2993168685984762,0.32085561497326204
CUST10763,69,57329.86,38,85.25,16,6.3,0,2,20.3,Lagos,Family,USSD,4777.488333333334,1.7844104276549775,0.4155844155844156
CUST10764,37,22788.41,32,55.09,5,4.8,3,6,1.4,Ibadan,Family,Cash,1899.0341666666666,2.900948332946441,0.1557632398753894
CUST10765,52,48038.31,37,93.78,7,3.8,0,2,19.6,Kano,Professional,Cash,4003.1924999999997,2.3426302882012298,0.1891891891891892
CUST10766,30,34589.41,1,66.16,10,6.942268041237114,1,3,25.8,Lagos,Professional,Bank Transfer,2882.450833333334,2.2952689855074135,10.0
CUST10767,38,139944.62624999997,7,30.84,7,7.9,3,2,19.6,Ibadan,Professional,Card,11662.052187499998,0.26444745319400936,0.9459459459459459
CUST10768,59,49928.7,32,117.47,10,8.7,0,4,6.1,Port Harcourt,Professional,Bank Transfer,4160.724999999999,2.823306034405062,0.3076923076923077
CUST10769,30,58856.12,20,110.55,6,7.6,1,6,9.1,Abuja,Family,Bank Transfer,4904.676666666667,2.2539712097909272,0.30303030303030304
CUST10770,60,74488.9,1,86.37,8,2.2000000000000006,0,2,18.2,Lagos,Professional,Bank Transfer,6207.408333333333,1.3914019404233384,8.0
CUST10771,46,56334.92,49,94.64,10,7.9,0,2,10.5,Port Harcourt,Student,Cash,4694.576666666667,2.0159432195874247,0.20408163265306123
CUST10772,31,139715.93,44,115.41,5,4.4,1,6,9.0,Lagos,Professional,Cash,11642.994166666665,0.9912398679234359,0.11235955056179775
CUST10773,46,57402.75,24,92.52,6,3.6,3,2,11.4,Abuja,Professional,Bank Transfer,4783.5625,1.9341233651697871,0.2510460251046025
CUST10774,50,61213.47,2,107.77,10,3.4,1,1,5.3,Abuja,Family,Bank Transfer,5101.1225,2.1126722598800556,4.761904761904762
CUST10775,45,36560.72,44,81.05,3,3.3,1,6,11.2,Kano,Professional,Card,3046.726666666667,2.660232074204228,0.06880733944954129
CUST10776,19,26610.9,26,119.9,1,7.5,4,4,4.8,Lagos,Family,USSD,2217.5750000000003,5.406806985107606,0.03802281368821293
CUST10777,29,39285.68,46,96.68,5,5.7,2,4,16.3,Ibadan,Professional,Bank Transfer,3273.806666666667,2.9531371227378527,0.10940919037199125
CUST10778,35,53890.97,42,93.2,14,4.3,1,2,6.9,Abuja,Business,Cash,4490.9141666666665,2.0753012981581147,0.3349282296650718
CUST10779,37,43432.89,49,57.15,8,7.0,1,1,12.3,Abuja,Business,USSD,3619.4075,1.5789877210565542,0.16427104722792607
CUST10780,45,37581.11,22,93.93,7,5.0,0,4,9.3,Kano,Family,USSD,3131.7591666666667,2.9992727729436415,0.31963470319634707
CUST10781,40,25377.39,4,64.56,7,8.8,3,5,14.3,Port Harcourt,Business,Card,2114.7825,3.052796209539279,1.5555555555555556
CUST10782,38,52542.64,33,71.71,11,9.6,1,5,16.9,Lagos,Professional,USSD,4378.553333333333,1.637755544829875,0.32934131736526945
CUST10783,43,24040.43,29,66.94,8,6.6,4,2,13.7,Abuja,Business,Bank Transfer,2003.3691666666666,3.3413711817966654,0.274914089347079
CUST10784,45,83543.21,41,61.6,2,9.5,2,2,7.8,Lagos,Business,Bank Transfer,6961.934166666667,0.8848115843286366,0.04914004914004914
CUST10785,45,57551.2,6,138.57,14,9.5,2,3,8.6,Port Harcourt,Business,Cash,4795.933333333333,2.8893228985668413,2.5
CUST10786,51,24672.27,6,118.8,9,7.2,3,7,26.2,Abuja,Family,Bank Transfer,2056.0225,5.778146883120199,1.3846153846153846
CUST10787,48,46398.55,66,138.32,5,10.0,1,3,17.7,Kano,Family,Bank Transfer,3866.5458333333336,3.5773531715969566,0.07541478129713425
CUST10788,44,36366.47,42,57.75,11,5.9,3,5,10.8,Port Harcourt,Family,Card,3030.539166666667,1.9056015060026446,0.2644230769230769
CUST10789,37,65554.32,72,92.51,7,3.5,0,4,8.6,Lagos,Professional,USSD,5462.860000000001,1.693435306780697,0.09762900976290097
CUST10790,18,114959.62,43,56.07,6,4.2,1,2,3.4,Lagos,Professional,Card,9579.968333333332,0.5852837718148338,0.1405152224824356
CUST10791,43,19608.99,27,69.79,9,5.8,3,0,18.8,Lagos,Business,USSD,1634.0825000000002,4.270898195164564,0.32967032967032966
CUST10792,40,58591.96,32,64.59,9,8.0,0,4,7.7,Abuja,Student,Card,4882.663333333333,1.3228436119904508,0.2821316614420063
CUST10793,41,50363.17,66,121.27,7,6.942268041237114,1,0,18.3,Abuja,Family,Cash,4196.930833333333,2.8894924604626757,0.10606060606060606
CUST10794,23,79564.68,26,77.17,5,5.8,1,1,17.0,Abuja,Professional,Card,6630.389999999999,1.163883270818157,0.19305019305019305
CUST10795,25,61842.53,30,114.11,6,4.8,1,1,20.1,Kano,Professional,Card,5153.544166666667,2.2142043671240486,0.2
CUST10796,38,36370.21,5,100.51,7,5.8,2,6,16.6,Lagos,Business,Cash,3030.8508333333334,3.3162305084298382,1.3725490196078431
CUST10797,38,46148.0,19,144.13,13,9.4,0,2,10.7,Ibadan,Business,Bank Transfer,3845.6666666666665,3.74785472826558,0.6735751295336787
CUST10798,46,35499.51,38,51.04,7,7.6,1,7,12.1,Abuja,Family,Bank Transfer,2958.2925,1.7253195889182695,0.1851851851851852
CUST10799,38,99398.51,10,117.24,8,6.0,2,4,12.1,Lagos,Professional,Cash,8283.209166666666,1.4153934500627827,0.8421052631578947
CUST10800,38,55648.47,7,114.2,2,9.2,1,6,10.4,Port Harcourt,Professional,Cash,4637.3725,2.4626013976664582,0.29411764705882354
CUST10801,49,139944.62624999997,11,61.57,8,7.0,4,5,2.3,Kano,Professional,Card,11662.052187499998,0.5279516761723462,0.7079646017699115
CUST10802,32,53195.28,8,110.84,4,7.2,4,1,0.0,Abuja,Professional,Cash,4432.94,2.5003722134745794,0.48192771084337344
CUST10803,39,37252.14,7,93.98,10,9.1,2,4,16.6,Kano,Student,Cash,3104.345,3.027369702787545,1.36986301369863
CUST10804,32,23921.8,17,80.64,11,6.4,1,3,10.9,Ibadan,Family,USSD,1993.4833333333333,4.045180546614385,0.6626506024096385
CUST10805,33,20401.46,72,87.41999999999999,7,8.6,3,5,17.8,Kano,Professional,USSD,1700.1216666666667,5.1419849363722,0.0979020979020979
CUST10806,34,23012.98,21,68.72,11,8.5,2,1,9.7,Lagos,Family,Bank Transfer,1917.7483333333332,3.583369037821264,0.5188679245283019
CUST10807,41,63704.35,6,136.74,10,6.7,2,3,12.0,Ibadan,Professional,Cash,5308.695833333333,2.575773867875585,1.6129032258064515
CUST10808,38,72757.5,2,85.21,11,4.5,2,5,17.6,Kano,Professional,Card,6063.125,1.4053808885681889,4.583333333333334
CUST10809,53,23050.29,36,107.41,12,7.0,4,3,21.3,Port Harcourt,Student,Bank Transfer,1920.8575,5.591773465756829,0.3361344537815126
CUST10810,27,89981.51,14,66.39,7,9.0,1,0,10.1,Kano,Business,Bank Transfer,7498.4591666666665,0.8853818967919076,0.4827586206896552
CUST10811,36,42167.49,52,69.64,7,8.5,0,2,6.0,Ibadan,Professional,Bank Transfer,3513.9575,1.9818111061388761,0.13513513513513514
CUST10812,38,59624.67,32,114.64,8,10.0,0,2,19.3,Abuja,Student,Cash,4968.7225,2.307232895377031,0.24767801857585142
CUST10813,55,133493.73,48,55.08,10,6.1,0,3,10.3,Lagos,Family,Cash,11124.4775,0.4951243777516741,0.20964360587002095
CUST10814,40,90070.69,10,75.38,11,8.4,2,4,9.1,Abuja,Business,Card,7505.890833333334,1.0042778621991237,1.1578947368421053
CUST10815,50,47448.33,35,88.68,10,5.2,4,4,9.6,Lagos,Family,Card,3954.0275,2.242776510785522,0.2824858757062147
CUST10816,20,33689.21,9,88.52,9,7.4,1,3,7.7,Lagos,Family,Bank Transfer,2807.4341666666664,3.1530570173655006,0.9782608695652175
CUST10817,41,16841.31,84,87.24,3,9.0,0,0,16.6,Port Harcourt,Student,Cash,1403.4425,6.216143518526764,0.03575685339690107
CUST10818,49,37032.61,30,87.41999999999999,7,8.6,2,2,4.0,Lagos,Family,Card,3086.0508333333332,2.832746598200883,0.23102310231023102
CUST10819,39,57402.75,12,103.26,3,7.2,0,2,12.6,Port Harcourt,Family,USSD,4783.5625,2.1586422253289257,0.2542372881355932
CUST10820,51,31956.78,9,104.12,10,6.5,0,7,13.5,Ibadan,Family,USSD,2663.065,3.909780647487012,1.0638297872340425
CUST10821,32,51169.41,6,60.86,7,5.2,2,3,8.4,Abuja,Business,Bank Transfer,4264.1175,1.4272589814891357,1.09375
CUST10822,55,57374.6,36,80.74,6,6.6,0,5,21.5,Ibadan,Professional,USSD,4781.216666666666,1.6886915115748085,0.16853932584269662
CUST10823,66,48601.89,7,115.46,11,4.6,1,3,17.4,Lagos,Professional,Bank Transfer,4050.1575,2.8507533349011736,1.4864864864864864
CUST10824,34,38468.19,27,109.54,7,6.4,1,4,9.3,Ibadan,Business,Cash,3205.6825000000003,3.4170570541530547,0.25830258302583026
CUST10825,33,60345.91,9,51.42,12,3.7,1,2,11.4,Ibadan,Family,Bank Transfer,5028.825833333333,1.0225050877515973,1.3043478260869565
CUST10826,55,70133.5,32,96.39,4,4.6,1,0,17.4,Abuja,Student,Bank Transfer,5844.458333333333,1.649254635801721,0.12307692307692308
CUST10827,57,30193.11,51,87.41999999999999,8,8.5,2,1,12.5,Lagos,Professional,Cash,2516.0925,3.474435061509065,0.15810276679841898
CUST10828,32,119503.54,45,89.79,8,8.3,3,0,20.4,Lagos,Business,Card,9958.628333333332,0.9016301943858736,0.17699115044247787
CUST10829,38,52097.12,43,135.88,4,6.5,1,2,15.4,Kano,Student,Card,4341.426666666667,3.1298467170546083,0.09324009324009325
CUST10830,35,55573.17,6,61.8,11,7.1,2,5,13.5,Ibadan,Student,Card,4631.0975,1.3344568970962067,1.7741935483870968
CUST10831,22,57402.75,3,64.36,7,7.4,2,3,13.5,Abuja,Professional,Card,4783.5625,1.34544076721063,2.5
CUST10832,27,62527.22,36,106.98,8,7.8,0,3,28.950000000000003,Port Harcourt,Business,Bank Transfer,5210.6016666666665,2.053121824383045,0.2222222222222222
CUST10833,26,92903.22,14,47.53,11,7.6,4,2,5.9,Lagos,Business,Card,7741.935,0.613929205037242,0.7971014492753623
CUST10834,29,64408.88,17,70.54,3,4.6,3,1,5.4,Abuja,Professional,USSD,5367.406666666667,1.314228721257069,0.17647058823529413
CUST10835,38,39271.25,1,87.41999999999999,10,2.6,3,3,10.6,Ibadan,Family,USSD,3272.6041666666665,2.6712671483591683,10.0
CUST10836,41,67098.39,9,69.86,11,5.2,2,2,20.4,Lagos,Professional,Card,5591.5325,1.2493891433162554,1.2222222222222223
CUST10837,57,29320.41,1,79.18,3,6.7,3,2,0.0,Ibadan,Professional,USSD,2443.3675,3.240609527629389,3.0
CUST10838,26,58383.95,63,108.68,10,8.7,1,3,0.6,Ibadan,Business,USSD,4865.329166666666,2.2337645876991883,0.15772870662460567
CUST10839,50,54003.92,8,151.77500000000003,9,7.4,1,1,9.6,Ibadan,Student,Cash,4500.326666666667,3.372532956866835,1.0714285714285714
CUST10840,35,49051.41,24,93.63,8,8.0,1,0,24.7,Lagos,Professional,Cash,4087.6175000000003,2.290576356520638,0.3278688524590164
CUST10841,37,51246.0,1,76.62,9,5.4,3,3,12.2,Lagos,Family,Card,4270.5,1.7941693010186162,7.5
CUST10842,46,19537.12,33,96.89,7,6.9,2,3,5.0,Lagos,Student,Bank Transfer,1628.0933333333332,5.951133022676832,0.21212121212121213
CUST10843,25,40671.78,12,82.84,6,7.1,2,5,16.9,Kano,Professional,Bank Transfer,3389.315,2.444151694368921,0.5128205128205129
CUST10844,43,57881.5,68,101.92,10,5.6,4,2,22.0,Port Harcourt,Family,Cash,4823.458333333333,2.113006746542505,0.145985401459854
CUST10845,38,60054.6,66,77.83,12,5.1,3,3,8.2,Lagos,Family,Cash,5004.55,1.5551847818485178,0.182648401826484
CUST10846,44,31252.89,12,81.38,8,6.6,1,3,14.7,Kano,Professional,Bank Transfer,2604.4075,3.12470302746402,0.6779661016949152
CUST10847,41,110329.63,69,65.8,9,8.2,1,2,12.9,Lagos,Professional,Card,9194.135833333334,0.7156735683786848,0.12968299711815562
CUST10848,67,34155.96,91,93.72,11,5.4,2,6,15.4,Lagos,Family,Bank Transfer,2846.33,3.2926610758415222,0.12121212121212122
CUST10849,30,93740.9,52,68.91,9,6.6,1,5,9.2,Abuja,Business,Bank Transfer,7811.741666666666,0.8821336257706082,0.1717557251908397
CUST10850,32,69566.98,56,61.62,6,9.4,1,3,15.8,Lagos,Professional,USSD,5797.248333333333,1.0629180683134443,0.10733452593917711
CUST10851,31,38548.15,9,92.15,8,6.1,1,1,17.0,Lagos,Business,Bank Transfer,3212.3458333333333,2.868620154274589,0.9302325581395349
CUST10852,38,139944.62624999997,26,92.38,6,7.0,0,3,16.3,Abuja,Family,Cash,11662.052187499998,0.7921418847620811,0.23255813953488372
CUST10853,30,28526.48,2,104.74,9,6.8,1,4,2.3,Ibadan,Business,Card,2377.2066666666665,4.40601153735056,4.285714285714286
CUST10854,52,91182.95,3,74.46,7,6.7,2,2,3.4,Kano,Student,Bank Transfer,7598.579166666666,0.9799200398758758,2.3333333333333335
CUST10855,55,95359.45,91,104.8,7,10.0,2,2,7.9,Abuja,Professional,USSD,7946.620833333333,1.3187995526400371,0.07713498622589532
CUST10856,31,38034.44,12,87.41999999999999,6,7.6,1,3,13.6,Kano,Student,Cash,3169.536666666667,2.758131840510863,0.5042016806722689
CUST10857,28,118295.9,41,99.43,9,4.2,1,2,15.4,Port Harcourt,Professional,Cash,9857.991666666667,1.0086232912552338,0.21739130434782608
CUST10858,38,47933.16,49,68.3,13,9.8,4,1,5.7,Abuja,Business,USSD,3994.4300000000003,1.7098810093054577,0.26369168356997974
CUST10859,31,64464.5,59,93.42,5,7.5,2,1,13.9,Kano,Student,Cash,5372.041666666667,1.7390036376610383,0.08532423208191126
CUST10860,46,63466.37,91,103.7,2,6.3,1,3,17.7,Port Harcourt,Family,USSD,5288.864166666667,1.9607234508606681,0.02203856749311295
CUST10861,40,51083.59,8,85.84,5,9.4,0,3,16.0,Port Harcourt,Student,Cash,4256.965833333333,2.0164596889137982,0.6024096385542168
CUST10862,20,85908.07,1,32.94,6,5.6,1,3,9.2,Port Harcourt,Family,Cash,7159.005833333334,0.46011975359241564,5.0
CUST10863,57,85093.61,16,90.28,9,10.0,0,0,9.8,Port Harcourt,Professional,Cash,7091.134166666667,1.273139075895358,0.5660377358490566
CUST10864,38,21023.49,4,140.65,11,7.2,1,4,4.2,Abuja,Student,Cash,1751.9575000000002,8.028162783629169,2.619047619047619
CUST10865,31,112698.97,1,76.08,9,8.8,1,3,22.4,Ibadan,Professional,USSD,9391.580833333333,0.8100872616670765,9.0
CUST10866,33,57402.75,13,67.87,5,10.0,1,5,14.8,Lagos,Family,Bank Transfer,4783.5625,1.4188170427374995,0.3731343283582089
CUST10867,41,97050.71,46,98.01,10,7.3,2,7,2.3,Ibadan,Student,Cash,8087.559166666667,1.2118613042604223,0.2178649237472767
CUST10868,42,102209.13,25,94.81,5,6.8,2,3,19.4,Abuja,Professional,USSD,8517.4275,1.1131295217951664,0.199203187250996
CUST10869,46,30183.69,11,115.72,14,5.1,0,2,16.0,Lagos,Student,USSD,2515.3075,4.600630340425575,1.238938053097345
CUST10870,62,57402.75,32,56.1,5,6.8,1,5,19.2,Port Harcourt,Business,USSD,4783.5625,1.1727661131217582,0.15673981191222572
CUST10871,36,57402.75,8,103.92,8,5.1,2,3,8.6,Abuja,Family,Bank Transfer,4783.5625,2.1724394737185935,1.0126582278481011
CUST10872,28,48868.19,1,99.84,6,6.7,1,0,9.5,Kano,Family,Card,4072.349166666667,2.4516561796129546,6.0
CUST10873,21,46428.54,43,84.92,13,6.942268041237114,1,4,7.1,Abuja,Family,USSD,3869.045,2.1948568703646507,0.2995391705069125
CUST10874,29,84448.89,29,95.81,8,7.2,1,1,24.7,Port Harcourt,Student,USSD,7037.4075,1.3614388537256086,0.27303754266211605
CUST10875,38,113069.54,43,114.18,6,6.0,1,1,9.0,Lagos,Family,USSD,9422.461666666666,1.2117852429575642,0.13921113689095127
CUST10876,60,118505.49,1,106.9,7,6.6,1,2,6.3,Lagos,Student,Bank Transfer,9875.4575,1.0824814951611104,5.833333333333334
CUST10877,32,40372.17,54,60.78,5,6.942268041237114,1,1,8.1,Abuja,Professional,Cash,3364.3475,1.8065910254514435,0.09191176470588236
CUST10878,41,49021.61,29,107.82,11,8.9,0,3,10.0,Port Harcourt,Family,Bank Transfer,4085.1341666666667,2.63932579937705,0.3793103448275862
CUST10879,38,21789.8,25,85.37,11,6.8,3,5,21.3,Port Harcourt,Family,USSD,1815.8166666666666,4.701465823458683,0.44176706827309237
CUST10880,52,35307.83,29,89.17,9,9.9,2,4,13.7,Port Harcourt,Student,Card,2942.3191666666667,3.0306025603952436,0.30612244897959184
CUST10881,68,57402.75,60,91.63,5,6.4,2,3,19.4,Ibadan,Student,USSD,4783.5625,1.9155179847655381,0.08347245409015025
CUST10882,32,133740.82,26,83.37,11,6.5,3,3,13.7,Port Harcourt,Family,Cash,11145.068333333335,0.7480438657397196,0.41509433962264153
CUST10883,32,27894.83,26,116.88,6,5.4,1,4,10.9,Ibadan,Family,Card,2324.5691666666667,5.028028491301076,0.22988505747126436
CUST10884,51,39705.03,91,92.51,10,6.3,1,3,5.7,Lagos,Student,Card,3308.7525,2.7959177968131494,0.11019283746556474
CUST10885,46,54207.0,42,60.4,4,3.9,1,3,21.6,Lagos,Student,Bank Transfer,4517.25,1.3370966849299906,0.09433962264150944
CUST10886,60,64162.69,18,76.56,7,3.2,1,2,17.9,Lagos,Business,Bank Transfer,5346.890833333334,1.4318601667105915,0.4
CUST10887,45,35235.4,37,92.42,11,8.1,4,3,18.5,Lagos,Family,Cash,2936.2833333333333,3.1475164181476583,0.2981029810298103
CUST10888,34,69447.2,15,116.91,10,3.9,0,4,17.6,Port Harcourt,Business,Bank Transfer,5787.266666666666,2.020124641454227,0.6756756756756757
CUST10889,45,42381.91,8,100.7,7,7.7,1,2,7.7,Abuja,Professional,Cash,3531.825833333334,2.8512164741985435,0.8974358974358975
CUST10890,51,54564.55,27,65.92,10,6.1,1,7,13.6,Port Harcourt,Professional,Card,4547.045833333334,1.4497324728234724,0.3663003663003663
CUST10891,48,74276.12,79,151.77500000000003,8,8.7,1,2,18.5,Kano,Professional,Card,6189.676666666666,2.4520666938445363,0.10126582278481013
CUST10892,44,55194.62,79,97.97,3,3.9,2,1,17.7,Ibadan,Family,Card,4599.551666666667,2.1299902055671365,0.03778337531486146
CUST10893,51,43264.0,13,117.89,7,8.1,1,7,12.9,Ibadan,Student,Cash,3605.3333333333335,3.269877958579882,0.5555555555555556
CUST10894,38,51782.27,22,83.01,6,7.6,1,2,23.8,Lagos,Student,Bank Transfer,4315.189166666666,1.9236700129214115,0.26666666666666666
CUST10895,55,52390.93,7,98.9,8,7.7,3,3,15.2,Abuja,Student,Bank Transfer,4365.910833333333,2.2652775967137826,1.1267605633802817
CUST10896,46,44872.59,91,115.59,9,9.0,1,1,19.9,Lagos,Family,Bank Transfer,3739.3824999999997,3.0911520819279654,0.09917355371900827
CUST10897,36,47703.05,91,124.98,10,7.1,4,3,13.2,Lagos,Professional,USSD,3975.254166666667,3.1439499151521755,0.11019283746556474
CUST10898,38,132500.86,32,113.95,12,2.6,1,6,9.8,Port Harcourt,Family,Card,11041.738333333333,1.0319933017793244,0.38095238095238093
CUST10899,52,74876.41,49,110.72,10,7.8,3,3,17.8,Port Harcourt,Business,Card,6239.700833333333,1.7744440471972414,0.20408163265306123
CUST10900,28,46750.22,38,80.14,7,7.6,3,2,16.4,Lagos,Family,USSD,3895.851666666667,2.0570598384349847,0.18567639257294427
CUST10901,42,80693.51,27,72.86,7,6.6,1,2,14.1,Kano,Professional,Card,6724.4591666666665,1.0835072114225792,0.25925925925925924
CUST10902,33,45774.74,2,93.45,13,5.5,1,2,6.9,Kano,Business,Card,3814.5616666666665,2.449822762510503,8.125
CUST10903,38,104852.2,18,87.41999999999999,8,6.4,1,4,18.1,Lagos,Professional,USSD,8737.683333333332,1.0004940287375945,0.43956043956043955
CUST10904,53,57402.75,34,82.13,13,9.6,1,3,7.2,Abuja,Student,Card,4783.5625,1.7169212276415329,0.38575667655786344
CUST10905,40,57402.75,34,114.35,5,5.3,2,1,16.7,Ibadan,Business,Bank Transfer,4783.5625,2.390477808118949,0.14705882352941177
CUST10906,39,70356.66,14,122.44,7,3.9,3,5,5.4,Port Harcourt,Student,USSD,5863.055,2.088331083368653,0.5
CUST10907,22,23181.42,85,68.91,9,4.4,2,2,6.9,Abuja,Family,Card,1931.7849999999999,3.56716715369464,0.10550996483001172
CUST10908,47,29595.17,6,64.52,3,6.9,0,3,13.8,Lagos,Professional,Bank Transfer,2466.2641666666664,2.616102559978537,0.5454545454545454
CUST10909,46,28521.96,21,83.16,11,10.0,0,3,15.5,Lagos,Professional,Cash,2376.83,3.4987777838549663,0.5288461538461539
CUST10910,64,59498.55,35,95.51,5,10.0,0,5,13.3,Lagos,Family,Card,4958.212500000001,1.926299044262423,0.14204545454545453
CUST10911,38,139944.62624999997,36,74.75,6,8.2,4,4,8.8,Kano,Professional,USSD,11662.052187499998,0.640967805650201,0.1675977653631285
CUST10912,41,139944.62624999997,31,121.32,8,5.2,0,6,18.7,Lagos,Family,Bank Transfer,11662.052187499998,1.040297179685383,0.25477707006369427
CUST10913,41,78121.19,10,96.37,4,5.4,0,4,12.8,Lagos,Family,Cash,6510.099166666667,1.4803153920210381,0.4123711340206186
CUST10914,57,72442.83,5,86.39,5,8.6,1,1,13.2,Lagos,Professional,Cash,6036.9025,1.4310318909407598,0.9803921568627452
CUST10915,37,20424.83,30,51.53,15,9.4,3,4,11.1,Kano,Professional,Card,1702.069166666667,3.0274915384852648,0.49504950495049505
CUST10916,41,40807.37,27,54.3,4,5.8,2,2,7.7,Lagos,Professional,Cash,3400.6141666666667,1.596770387309939,0.14598540145985403
CUST10917,45,35660.8,6,92.5,5,9.6,1,2,18.8,Lagos,Business,USSD,2971.7333333333336,3.11266152189519,0.847457627118644
CUST10918,38,39090.01,37,34.62,14,6.6,0,5,8.1,Port Harcourt,Family,Cash,3257.5008333333335,1.062777932264535,0.3825136612021858
CUST10919,33,50141.75,18,111.77,5,8.3,1,2,22.2,Abuja,Business,Card,4178.479166666667,2.6748966679463715,0.27472527472527475
CUST10920,40,42422.69,33,87.41999999999999,12,9.1,2,2,7.1,Lagos,Student,Cash,3535.224166666667,2.472827630685371,0.36253776435045315
CUST10921,51,18517.54,54,151.77500000000003,13,4.3,1,1,13.9,Lagos,Student,Card,1543.1283333333333,9.835539709918274,0.23853211009174313
CUST10922,26,57402.75,6,87.41999999999999,5,7.8,1,4,12.4,Kano,Student,Cash,4783.5625,1.8275082639769,0.8928571428571429
CUST10923,40,30487.74,1,80.54,6,6.942268041237114,2,2,11.3,Ibadan,Student,Bank Transfer,2540.645,3.1700611458901182,6.0
CUST10924,30,62734.97,45,85.97,8,6.0,1,4,16.1,Abuja,Family,Card,5227.9141666666665,1.6444416885829385,0.17660044150110377
CUST10925,52,139944.62624999997,28,112.15,8,5.1,1,0,16.7,Lagos,Business,USSD,11662.052187499998,0.9616660789788635,0.28368794326241137
CUST10926,20,33170.86,36,130.47,6,7.9,0,3,15.2,Lagos,Professional,USSD,2764.2383333333332,4.719925862639678,0.16620498614958448
CUST10927,31,13676.45,55,48.42,3,7.2,2,6,5.6,Kano,Business,Cash,1139.7041666666667,4.248470911676641,0.054945054945054944
CUST10928,43,46994.51,49,44.24,10,6.4,0,3,5.0,Port Harcourt,Student,Bank Transfer,3916.209166666667,1.1296638692477057,0.2053388090349076
CUST10929,57,100772.04,91,77.23,6,6.942268041237114,3,1,4.6,Kano,Business,Cash,8397.67,0.9196598580320493,0.06611570247933884
CUST10930,37,139944.62624999997,23,101.41,7,4.0,1,4,10.5,Port Harcourt,Professional,Cash,11662.052187499998,0.8695725106486539,0.30434782608695654
CUST10931,31,27968.56,20,99.03,4,7.7,1,0,24.7,Ibadan,Business,Bank Transfer,2330.7133333333336,4.248913780330485,0.1990049751243781
CUST10932,61,72277.85,15,112.98,7,9.9,2,2,11.7,Ibadan,Student,Card,6023.154166666667,1.875761384711914,0.45454545454545453
CUST10933,21,42581.18,5,55.41,10,5.7,1,4,24.6,Kano,Business,USSD,3548.431666666667,1.5615349316294194,2.0
CUST10934,18,139944.62624999997,26,29.14,4,5.5,3,1,11.8,Abuja,Professional,Bank Transfer,11662.052187499998,0.2498702589517974,0.1568627450980392
CUST10935,43,139944.62624999997,10,107.23,10,7.3,2,3,13.0,Lagos,Professional,Cash,11662.052187499998,0.9194779638778736,1.0309278350515465
CUST10936,32,24063.58,76,70.4,7,10.0,4,5,15.6,Abuja,Professional,Card,2005.2983333333334,3.5106995717179243,0.09174311926605505
CUST10937,26,63237.03,26,36.64,11,9.0,1,2,10.3,Abuja,Professional,Cash,5269.7525,0.6952888204901464,0.4182509505703422
CUST10938,47,71133.93,27,90.78,9,6.8,1,1,13.4,Port Harcourt,Family,Card,5927.827499999999,1.5314210813320734,0.3333333333333333
CUST10939,41,99934.57,13,105.88,7,7.1,2,5,1.8,Lagos,Business,USSD,8327.880833333335,1.2713918717016541,0.5303030303030303
CUST10940,31,58045.31,2,82.08,9,9.2,1,1,6.7,Port Harcourt,Family,USSD,4837.109166666666,1.6968812811922271,5.625
CUST10941,23,65154.47,1,73.63,6,5.4,1,2,1.9,Abuja,Family,Card,5429.5391666666665,1.3561003565833625,6.0
CUST10942,48,44341.74,16,82.34,8,8.1,2,2,16.4,Port Harcourt,Student,USSD,3695.145,2.2283293348434228,0.48484848484848486
CUST10943,46,63774.47,3,75.95,6,5.0,1,2,3.8,Lagos,Family,Cash,5314.5391666666665,1.429098509168324,2.222222222222222
CUST10944,37,45539.38,28,53.54,8,8.7,1,2,20.5,Abuja,Professional,Card,3794.9483333333333,1.4108228965787413,0.2857142857142857
CUST10945,60,77416.33,64,72.24,10,6.5,1,1,14.1,Lagos,Business,Cash,6451.360833333333,1.119763750102853,0.1564945226917058
CUST10946,25,44882.48,64,103.18,9,7.4,4,2,17.8,Ibadan,Professional,Card,3740.206666666667,2.7586710894763393,0.13996889580093314
CUST10947,20,67676.46,32,95.62,7,6.4,3,3,8.1,Abuja,Family,Cash,5639.705000000001,1.6954787528780317,0.21671826625387
CUST10948,30,54121.89,7,89.77,13,8.3,2,3,5.3,Lagos,Professional,USSD,4510.1575,1.9903961225300888,1.8309859154929577
CUST10949,37,102172.32,60,64.89,9,6.7,1,0,9.9,Lagos,Professional,Bank Transfer,8514.36,0.7621242230772483,0.15100671140939598
CUST10950,41,53467.11,65,85.68,10,10.0,1,5,18.4,Port Harcourt,Professional,Cash,4455.5925,1.9229765738226736,0.15337423312883436
CUST10951,35,20742.1,7,31.1,7,9.6,3,7,24.7,Lagos,Professional,Card,1728.5083333333332,1.7992392284291372,1.0606060606060606
CUST10952,42,110100.11,40,92.67,9,4.7,3,3,15.1,Ibadan,Professional,USSD,9175.009166666667,1.0100262388475363,0.22443890274314213
CUST10953,38,33420.87,10,121.53,7,7.3,3,1,4.1,Port Harcourt,Student,Card,2785.0725,4.363620695691046,0.6930693069306931
CUST10954,55,38388.64,49,52.04,9,8.3,4,3,6.2,Lagos,Business,Cash,3199.0533333333333,1.6267312413255588,0.18480492813141683
CUST10955,37,39635.27,91,79.95,10,6.2,1,1,3.1,Port Harcourt,Student,Card,3302.9391666666666,2.4205713749395428,0.11019283746556474
CUST10956,51,117128.79,1,93.31,6,9.2,3,3,11.2,Lagos,Business,Card,9760.7325,0.9559733349930448,6.0
CUST10957,42,57402.75,68,121.78,6,9.0,1,3,10.3,Ibadan,Student,Cash,4783.5625,2.5458013771117236,0.08784773060029283
CUST10958,43,139944.62624999997,29,76.13,1,6.8,4,1,11.2,Lagos,Student,USSD,11662.052187499998,0.65280105744682,0.03424657534246575
CUST10959,45,98313.8,91,76.4,10,8.8,0,5,5.6,Ibadan,Family,USSD,8192.816666666668,0.9325242234559136,0.11019283746556474
CUST10960,43,62185.05,19,37.28,5,2.7,4,4,5.0,Port Harcourt,Professional,Cash,5182.087500000001,0.7194012065600975,0.26595744680851063
CUST10961,46,53364.27,56,92.1,13,9.4,4,0,12.6,Ibadan,Professional,USSD,4447.0225,2.071048662335304,0.23049645390070922
CUST10962,54,57402.75,2,136.21,13,8.6,2,3,14.9,Lagos,Family,Bank Transfer,4783.5625,2.847459398722187,6.842105263157895
CUST10963,40,73255.29,12,92.91,11,5.0,0,1,4.9,Abuja,Professional,Card,6104.607499999999,1.521965171388988,0.8943089430894309
CUST10964,47,78429.63,2,84.61,9,6.942268041237114,0,7,14.8,Kano,Family,Cash,6535.802500000001,1.2945617619259453,4.285714285714286
CUST10965,37,74657.85,91,101.94,7,3.4,2,0,17.7,Port Harcourt,Professional,Bank Transfer,6221.4875,1.6385149049965944,0.07713498622589532
CUST10966,55,57777.68,51,88.8,6,5.6,0,4,0.0,Lagos,Professional,Card,4814.806666666666,1.8443108134490689,0.11787819253438114
CUST10967,30,49343.06,57,69.27,9,9.0,2,3,21.5,Abuja,Business,Cash,4111.921666666666,1.6846138038459715,0.15679442508710803
CUST10968,60,50609.17,83,151.77500000000003,8,7.0,2,3,16.2,Lagos,Family,USSD,4217.430833333333,3.598754929195639,0.09592326139088729
CUST10969,38,49409.05,3,90.86,6,6.9,1,0,17.7,Port Harcourt,Professional,Cash,4117.420833333334,2.2067212383156525,2.222222222222222
CUST10970,38,102607.06,15,86.61,10,7.1,1,1,5.9,Abuja,Business,Cash,8550.588333333333,1.0129127566855536,0.684931506849315
CUST10971,40,76232.61,2,60.79,9,6.9,0,4,16.7,Lagos,Business,Card,6352.7175,0.9569133209528048,4.090909090909091
CUST10972,30,10914.8,7,118.16,7,8.8,2,7,17.4,Lagos,Family,Card,909.5666666666666,12.990801480558508,0.9859154929577465
CUST10973,48,78891.9,8,102.24,10,5.9,0,1,8.1,Abuja,Professional,Card,6574.325,1.5551406418149392,1.2820512820512822
CUST10974,30,61217.81,19,72.7,8,7.8,2,0,16.7,Lagos,Business,Bank Transfer,5101.484166666666,1.4250754804851729,0.42105263157894735
CUST10975,33,57402.75,9,110.8,6,4.9,1,2,11.2,Ibadan,Professional,USSD,4783.5625,2.3162653357199785,0.6382978723404255
CUST10976,18,44418.14,3,72.82,7,8.3,1,4,8.3,Lagos,Student,Cash,3701.5116666666668,1.967304349079002,2.1875
CUST10977,38,57402.75,6,65.89,10,6.4,1,2,10.8,Ibadan,Professional,Cash,4783.5625,1.3774252975684962,1.8181818181818181
CUST10978,18,92617.0,5,66.39,5,6.9,1,3,13.0,Abuja,Family,USSD,7718.083333333333,0.8601876545342647,1.0416666666666667
CUST10979,19,35954.36,91,49.4,9,6.3,1,3,10.2,Abuja,Business,Cash,2996.1966666666667,1.648756924055942,0.09917355371900827
CUST10980,47,68800.56,43,100.21,5,6.6,2,1,7.2,Lagos,Family,Card,5733.38,1.7478346106485176,0.11709601873536299
CUST10981,47,32230.78,91,47.46,8,5.2,2,3,14.4,Port Harcourt,Business,Cash,2685.898333333333,1.7670065694966117,0.0881542699724518
CUST10982,38,25752.8,17,55.68,4,7.6,2,2,15.4,Port Harcourt,Student,USSD,2146.0666666666666,2.5945139945947626,0.2298850574712644
CUST10983,26,38964.02,10,33.89,7,8.0,0,4,12.9,Abuja,Student,Bank Transfer,3247.0016666666666,1.0437321405748177,0.7142857142857142
CUST10984,37,88380.34,48,86.69,5,4.6,4,4,2.3,Lagos,Family,Bank Transfer,7365.028333333333,1.1770491039070454,0.10416666666666667
CUST10985,38,92902.63,12,82.19,16,5.9,3,2,8.5,Ibadan,Business,USSD,7741.885833333334,1.0616276417578274,1.3559322033898304
CUST10986,24,72932.19,11,77.69,2,7.1,2,1,6.9,Ibadan,Professional,Cash,6077.6825,1.2782832930150596,0.1869158878504673
CUST10987,56,81952.18,8,59.57,8,6.942268041237114,1,3,22.4,Abuja,Student,Cash,6829.348333333332,0.8722647768491333,1.0126582278481011
CUST10988,49,73056.36,4,56.03,9,6.6,0,2,12.7,Port Harcourt,Professional,Bank Transfer,6088.03,0.9203305502765263,2.142857142857143
CUST10989,35,38648.9,9,97.32,11,9.9,0,5,10.3,Abuja,Professional,Cash,3220.741666666667,3.0216642647009353,1.2359550561797752
CUST10990,38,69748.13,13,72.29,8,5.2,2,3,8.6,Abuja,Professional,Bank Transfer,5812.344166666667,1.2437322692378994,0.6060606060606061
CUST10991,41,57402.75,34,95.6,6,2.8,1,3,11.3,Lagos,Student,USSD,4783.5625,1.9985105243215697,0.17857142857142858
CUST10992,18,139944.62624999997,2,63.02,11,5.9,0,7,16.5,Abuja,Business,USSD,11662.052187499998,0.5403851653789388,5.7894736842105265
CUST10993,35,105766.68,7,90.09,7,6.4,2,4,1.0,Kano,Professional,Cash,8813.89,1.022136650219143,0.9859154929577465
CUST10994,30,81198.79,50,121.56,10,6.1,3,2,13.4,Lagos,Family,Card,6766.565833333333,1.7964799721769256,0.20120724346076457
CUST10995,26,66728.34,5,100.04,10,7.5,1,4,9.0,Port Harcourt,Student,Card,5560.695,1.7990556935778712,2.0833333333333335
CUST10996,35,99078.83,13,75.7,8,5.1,1,3,14.6,Ibadan,Student,Bank Transfer,8256.569166666666,0.9168457076047427,0.6349206349206349
CUST10997,60,54203.55,60,87.41999999999999,7,4.9,1,3,16.8,Lagos,Family,USSD,4516.962500000001,1.9353713917261872,0.11666666666666667
CUST10998,46,33862.29,5,79.39,3,5.8,1,6,7.8,Lagos,Business,Bank Transfer,2821.8575,2.81339507753315,0.6
CUST10999,31,50281.96,3,85.4,13,5.8,2,2,3.8,Kano,Professional,USSD,4190.163333333333,2.038106708648589,5.0
CUST11000,45,36511.85,20,78.45,7,10.0,3,0,10.2,Lagos,Business,Bank Transfer,3042.6541666666667,2.578341004358859,0.35175879396984927
